"Idõszak";"Terület";"Halálos közúti közlekedési baleset (eset)";"Súlyos sérüléses közúti közlekedési baleset (eset)";"Könnyû sérüléses közúti közlekedési baleset (eset)";"Összes személyi sérüléssel járó közúti közlekedési baleset (eset)";"Lakott területen történt összes közúti közlekedési baleset (eset)";"Lakott területen kívül történt összes közúti közlekedési baleset (eset)";"Az ittasan okozott balesetek száma (eset)";"Jármûvek okozta összes baleset száma (eset)";"Motorkerékpár és segédmotoros kerékpár által okozott balesetek száma (eset)";"Személygépkocsi által okozott balesetek száma (eset)";"Tehergépkocsi által okozott balesetek száma (eset)";"Kerékpár által okozott balesetek száma (eset)";"Gyalogos okozta balesetek száma (eset)";"Autóbusz által okozott balesetek száma (eset)";"A jármûvezetõk által ittasan okozott balesetek száma (eset)";"Közúti közlekedési baleset során meghalt személy (fõ)";"Közúti közlekedési baleset során súlyosan sérült személy (fõ)";"Közúti közlekedési baleset során könnyen sérült személy (fõ)";"Közúti közlekedési baleset során meghalt, megsérült személy összesen (fõ)";"Közúti közlekedési baleset során meghalt  6 év alatti személy (fõ)";"Közúti közlekedési baleset során meghalt  6 - 14 éves személy (fõ)";"Közúti közlekedési baleset során meghalt 15 - 17 éves személy (fõ)";"Közúti közlekedési baleset során meghalt 18 - 20 éves személy (fõ)";"Közúti közlekedési baleset során meghalt 21 - 40 éves személy (fõ)";"Közúti közlekedési baleset során meghalt 41 - 64 éves személy (fõ)";"Közúti közlekedési baleset során meghalt 65 éves és idõsebb, és ismeretlen korú személy (fõ)";"Borvidékek, 2019";"Agglomeráción belüli települések besorolása, 2003";"Statisztikai nagyrégió";"Agglomeráció típusa, 2003";"Járások";"Agglomerációk, 2003";"Megyék - általános területi beosztás";"Települések jogállása - összevont verzió, 1994";"Kedvezményezett települések  kódjának nómenklatúrája";"Borrégiók, 2019";"Kedvezményezett járások kódjának nómenklatúrája";"Turisztikai régiók";"Települések";"Tervezési statisztikai régiók";"Világörökségi helyszín védõövezete";"Szabad vállalkozási zónák";"Az EU NUTS rendszere 2016";"Területfejlesztési szempontból kiemelt térségek";"Települések megyeszékhely jellege, 1991";"Járási székhely";"Települések lakónépesség-nagyságkategóriái";"Települések jogállása - bõvített verzió, 2005";"Nemzeti parkok";
"2019. év";"Jász-Nagykun-Szolnok megye";"25";"185";"368";"578";"347";"231";"43";"550";"48";"359";"33";"78";"23";"5,0";"43,0";"34";"215";"533";"782";" ";" ";" ";" ";" ";" ";" ";
"";"Budapest, illetve fiktív területi egység";" ";" ";" ";" ";" ";" ";" ";" ";" ";" ";" ";" ";" ";" ";" ";" ";" ";" ";" ";" ";" ";" ";" ";" ";" ";" ";
"";"Jász-N-Sz megye területre nem bontható adatai";" ";" ";" ";" ";" ";" ";" ";" ";" ";" ";" ";" ";" ";" ";" ";" ";" ";" ";" ";" ";" ";" ";" ";" ";" ";" ";"9992 - A település nem tartozik borvidékbe - Alföld";"9 - Településegyüttesbe nem tartozó település";"3 - Alföld és Észak";"9 - Településegyüttesbe nem tartozó települések";"999 - Budapest, illetve fiktív területi egység";"999 - Településegyüttesbe nem tartozó települések";"16 - Jász-Nagykun-Szolnok megye";"9 - Nem település (kerület, fiktív területi egység)";"9 - Nem kedvezményezett település";"9 - Nem tartozik borrégióhoz";"9 - Nem tartozik kedvezményezett járáshoz";"99 - Területre nem bontható, országhatáron kívüli tevékenység";"0016 - Jász-N-Sz megye területre nem bontható adatai";"60 - Észak-Alföld (Hajdú-Bihar, Jász-Nagykun-Szolnok, Szabolcs-Szatmár-Bereg)";"99 - Nem világörökségi helyszín védõövezete";"9 - Nem szabad vállakozási zóna";"HU322 - Jász-Nagykun-Szolnok";"9 - Nem tartozik területfejlesztési szempontból kiemelt térséghez";"9 - Nem település (kerület, fiktív területi egység)";"9 - Budapest, fiktív területi egység";"";"90 - Nem település (kerület, fiktív területi egység)";"99 - Nem tartozik nemzeti parkhoz";
"";"Jászapáti járás";"1";"17";"22";"40";"20";"20";"4";"37";"3";"25";"3";"4";"3";" ";"4,0";"1";"17";"43";"61";" ";" ";" ";" ";" ";" ";" ";
"";"Alattyán";" ";"1";"2";"3";"3";" ";" ";"1";" ";"1";" ";" ";"2";" ";" ";" ";"1";"3";"4";" ";" ";" ";" ";" ";" ";" ";"9992 - A település nem tartozik borvidékbe - Alföld";"9 - Településegyüttesbe nem tartozó település";"3 - Alföld és Észak";"9 - Településegyüttesbe nem tartozó települések";"161 - Jászapáti járás";"999 - Településegyüttesbe nem tartozó települések";"16 - Jász-Nagykun-Szolnok megye";"4 - Község";"9 - Nem kedvezményezett település";"9 - Nem tartozik borrégióhoz";"3 - Komplex programmal fejlesztendõ járások";"03 - Észak-Alföldi Régió";"2526 - Alattyán";"60 - Észak-Alföld (Hajdú-Bihar, Jász-Nagykun-Szolnok, Szabolcs-Szatmár-Bereg)";"99 - Nem világörökségi helyszín védõövezete";"1 - Szabad vállakozási zóna";"HU322 - Jász-Nagykun-Szolnok";"9 - Nem tartozik területfejlesztési szempontból kiemelt térséghez";"2 - Nem megyeszékhely";"0 - Nem székhelytelepülés";"03 - 1000 - 1999";"42 - Község";"99 - Nem tartozik nemzeti parkhoz";
"";"Jánoshida";" ";"2";"2";"4";"2";"2";"1";"4";"1";"3";" ";" ";" ";" ";"1,0";" ";"2";"8";"10";" ";" ";" ";" ";" ";" ";" ";"9992 - A település nem tartozik borvidékbe - Alföld";"9 - Településegyüttesbe nem tartozó település";"3 - Alföld és Észak";"9 - Településegyüttesbe nem tartozó települések";"161 - Jászapáti járás";"999 - Településegyüttesbe nem tartozó települések";"16 - Jász-Nagykun-Szolnok megye";"4 - Község";"9 - Nem kedvezményezett település";"9 - Nem tartozik borrégióhoz";"3 - Komplex programmal fejlesztendõ járások";"03 - Észak-Alföldi Régió";"2285 - Jánoshida";"60 - Észak-Alföld (Hajdú-Bihar, Jász-Nagykun-Szolnok, Szabolcs-Szatmár-Bereg)";"99 - Nem világörökségi helyszín védõövezete";"1 - Szabad vállakozási zóna";"HU322 - Jász-Nagykun-Szolnok";"9 - Nem tartozik területfejlesztési szempontból kiemelt térséghez";"2 - Nem megyeszékhely";"0 - Nem székhelytelepülés";"04 - 2000 - 4999";"42 - Község";"99 - Nem tartozik nemzeti parkhoz";
"";"Jászalsószentgyörgy";" ";"1";"1";"2";"1";"1";" ";"2";"1";"1";" ";" ";" ";" ";" ";" ";"1";"1";"2";" ";" ";" ";" ";" ";" ";" ";"9992 - A település nem tartozik borvidékbe - Alföld";"9 - Településegyüttesbe nem tartozó település";"3 - Alföld és Észak";"9 - Településegyüttesbe nem tartozó települések";"161 - Jászapáti járás";"999 - Településegyüttesbe nem tartozó települések";"16 - Jász-Nagykun-Szolnok megye";"4 - Község";"9 - Nem kedvezményezett település";"9 - Nem tartozik borrégióhoz";"3 - Komplex programmal fejlesztendõ járások";"03 - Észak-Alföldi Régió";"3071 - Jászalsószentgyörgy";"60 - Észak-Alföld (Hajdú-Bihar, Jász-Nagykun-Szolnok, Szabolcs-Szatmár-Bereg)";"99 - Nem világörökségi helyszín védõövezete";"1 - Szabad vállakozási zóna";"HU322 - Jász-Nagykun-Szolnok";"9 - Nem tartozik területfejlesztési szempontból kiemelt térséghez";"2 - Nem megyeszékhely";"0 - Nem székhelytelepülés";"04 - 2000 - 4999";"42 - Község";"99 - Nem tartozik nemzeti parkhoz";
"";"Jászapáti";"1";"6";"6";"13";"6";"7";"2";"12";"1";"7";"2";"2";"1";" ";"2,0";"1";"6";"13";"20";" ";" ";" ";" ";" ";" ";" ";"9992 - A település nem tartozik borvidékbe - Alföld";"9 - Településegyüttesbe nem tartozó település";"3 - Alföld és Észak";"9 - Településegyüttesbe nem tartozó települések";"161 - Jászapáti járás";"999 - Településegyüttesbe nem tartozó települések";"16 - Jász-Nagykun-Szolnok megye";"3 - Város";"9 - Nem kedvezményezett település";"9 - Nem tartozik borrégióhoz";"3 - Komplex programmal fejlesztendõ járások";"03 - Észak-Alföldi Régió";"2220 - Jászapáti";"60 - Észak-Alföld (Hajdú-Bihar, Jász-Nagykun-Szolnok, Szabolcs-Szatmár-Bereg)";"99 - Nem világörökségi helyszín védõövezete";"1 - Szabad vállakozási zóna";"HU322 - Jász-Nagykun-Szolnok";"9 - Nem tartozik területfejlesztési szempontból kiemelt térséghez";"2 - Nem megyeszékhely";"1 - Székhelytelepülés";"05 - 5000 - 9999";"30 - Város";"99 - Nem tartozik nemzeti parkhoz";
"";"Jászdózsa";" ";"1";" ";"1";" ";"1";" ";"1";" ";"1";" ";" ";" ";" ";" ";" ";"1";"1";"2";" ";" ";" ";" ";" ";" ";" ";"9992 - A település nem tartozik borvidékbe - Alföld";"9 - Településegyüttesbe nem tartozó település";"3 - Alföld és Észak";"9 - Településegyüttesbe nem tartozó települések";"161 - Jászapáti járás";"999 - Településegyüttesbe nem tartozó települések";"16 - Jász-Nagykun-Szolnok megye";"4 - Község";"9 - Nem kedvezményezett település";"9 - Nem tartozik borrégióhoz";"3 - Komplex programmal fejlesztendõ járások";"03 - Észak-Alföldi Régió";"1797 - Jászdózsa";"60 - Észak-Alföld (Hajdú-Bihar, Jász-Nagykun-Szolnok, Szabolcs-Szatmár-Bereg)";"99 - Nem világörökségi helyszín védõövezete";"1 - Szabad vállakozási zóna";"HU322 - Jász-Nagykun-Szolnok";"9 - Nem tartozik területfejlesztési szempontból kiemelt térséghez";"2 - Nem megyeszékhely";"0 - Nem székhelytelepülés";"04 - 2000 - 4999";"42 - Község";"99 - Nem tartozik nemzeti parkhoz";
"";"Jászivány";" ";" ";" ";" ";" ";" ";" ";" ";" ";" ";" ";" ";" ";" ";" ";" ";" ";" ";" ";" ";" ";" ";" ";" ";" ";" ";"9992 - A település nem tartozik borvidékbe - Alföld";"9 - Településegyüttesbe nem tartozó település";"3 - Alföld és Észak";"9 - Településegyüttesbe nem tartozó települések";"161 - Jászapáti járás";"999 - Településegyüttesbe nem tartozó települések";"16 - Jász-Nagykun-Szolnok megye";"4 - Község";"3 - Társadalmi-gazdasági és infrastrukturális szempontból kedvezményezett és a j...";"9 - Nem tartozik borrégióhoz";"3 - Komplex programmal fejlesztendõ járások";"03 - Észak-Alföldi Régió";"2408 - Jászivány";"60 - Észak-Alföld (Hajdú-Bihar, Jász-Nagykun-Szolnok, Szabolcs-Szatmár-Bereg)";"99 - Nem világörökségi helyszín védõövezete";"1 - Szabad vállakozási zóna";"HU322 - Jász-Nagykun-Szolnok";"9 - Nem tartozik területfejlesztési szempontból kiemelt térséghez";"2 - Nem megyeszékhely";"0 - Nem székhelytelepülés";"01 - 499";"42 - Község";"99 - Nem tartozik nemzeti parkhoz";
"";"Jászkisér";" ";"2";"2";"4";"2";"2";" ";"4";" ";"3";" ";"1";" ";" ";" ";" ";"2";"3";"5";" ";" ";" ";" ";" ";" ";" ";"9992 - A település nem tartozik borvidékbe - Alföld";"9 - Településegyüttesbe nem tartozó település";"3 - Alföld és Észak";"9 - Településegyüttesbe nem tartozó települések";"161 - Jászapáti járás";"999 - Településegyüttesbe nem tartozó települések";"16 - Jász-Nagykun-Szolnok megye";"3 - Város";"9 - Nem kedvezményezett település";"9 - Nem tartozik borrégióhoz";"3 - Komplex programmal fejlesztendõ járások";"03 - Észak-Alföldi Régió";"2279 - Jászkisér";"60 - Észak-Alföld (Hajdú-Bihar, Jász-Nagykun-Szolnok, Szabolcs-Szatmár-Bereg)";"99 - Nem világörökségi helyszín védõövezete";"1 - Szabad vállakozási zóna";"HU322 - Jász-Nagykun-Szolnok";"9 - Nem tartozik területfejlesztési szempontból kiemelt térséghez";"2 - Nem megyeszékhely";"0 - Nem székhelytelepülés";"05 - 5000 - 9999";"30 - Város";"99 - Nem tartozik nemzeti parkhoz";
"";"Jászladány";" ";"4";"8";"12";"5";"7";"1";"12";" ";"8";"1";"1";" ";" ";"1,0";" ";"4";"13";"17";" ";" ";" ";" ";" ";" ";" ";"9992 - A település nem tartozik borvidékbe - Alföld";"9 - Településegyüttesbe nem tartozó település";"3 - Alföld és Észak";"9 - Településegyüttesbe nem tartozó települések";"161 - Jászapáti járás";"999 - Településegyüttesbe nem tartozó települések";"16 - Jász-Nagykun-Szolnok megye";"4 - Község";"1 - Társadalmi-gazdasági és infrastrukturális szempontból kedvezményezett telepü...";"9 - Nem tartozik borrégióhoz";"3 - Komplex programmal fejlesztendõ járások";"03 - Észak-Alföldi Régió";"2111 - Jászladány";"60 - Észak-Alföld (Hajdú-Bihar, Jász-Nagykun-Szolnok, Szabolcs-Szatmár-Bereg)";"99 - Nem világörökségi helyszín védõövezete";"1 - Szabad vállakozási zóna";"HU322 - Jász-Nagykun-Szolnok";"9 - Nem tartozik területfejlesztési szempontból kiemelt térséghez";"2 - Nem megyeszékhely";"0 - Nem székhelytelepülés";"05 - 5000 - 9999";"41 - Nagyközség";"99 - Nem tartozik nemzeti parkhoz";
"";"Jászszentandrás";" ";" ";"1";"1";"1";" ";" ";"1";" ";"1";" ";" ";" ";" ";" ";" ";" ";"1";"1";" ";" ";" ";" ";" ";" ";" ";"1600 - Kunsági borvidék";"9 - Településegyüttesbe nem tartozó település";"3 - Alföld és Észak";"9 - Településegyüttesbe nem tartozó települések";"161 - Jászapáti járás";"999 - Településegyüttesbe nem tartozó települések";"16 - Jász-Nagykun-Szolnok megye";"4 - Község";"9 - Nem kedvezményezett település";"9 - Nem tartozik borrégióhoz";"3 - Komplex programmal fejlesztendõ járások";"03 - Észak-Alföldi Régió";"1351 - Jászszentandrás";"60 - Észak-Alföld (Hajdú-Bihar, Jász-Nagykun-Szolnok, Szabolcs-Szatmár-Bereg)";"99 - Nem világörökségi helyszín védõövezete";"1 - Szabad vállakozási zóna";"HU322 - Jász-Nagykun-Szolnok";"9 - Nem tartozik területfejlesztési szempontból kiemelt térséghez";"2 - Nem megyeszékhely";"0 - Nem székhelytelepülés";"04 - 2000 - 4999";"42 - Község";"99 - Nem tartozik nemzeti parkhoz";
"";"Jászberényi járás";"3";"26";"28";"57";"31";"26";"3";"53";"7";"33";"2";"8";"3";"1,0";"3,0";"4";"30";"40";"74";" ";" ";" ";" ";" ";" ";" ";
"";"Jászágó";" ";" ";" ";" ";" ";" ";" ";" ";" ";" ";" ";" ";" ";" ";" ";" ";" ";" ";" ";" ";" ";" ";" ";" ";" ";" ";"9992 - A település nem tartozik borvidékbe - Alföld";"9 - Településegyüttesbe nem tartozó település";"3 - Alföld és Észak";"9 - Településegyüttesbe nem tartozó települések";"162 - Jászberényi járás";"999 - Településegyüttesbe nem tartozó települések";"16 - Jász-Nagykun-Szolnok megye";"4 - Község";"1 - Társadalmi-gazdasági és infrastrukturális szempontból kedvezményezett telepü...";"9 - Nem tartozik borrégióhoz";"1 - Kedvezményezett járások";"03 - Észak-Alföldi Régió";"2292 - Jászágó";"60 - Észak-Alföld (Hajdú-Bihar, Jász-Nagykun-Szolnok, Szabolcs-Szatmár-Bereg)";"99 - Nem világörökségi helyszín védõövezete";"9 - Nem szabad vállakozási zóna";"HU322 - Jász-Nagykun-Szolnok";"9 - Nem tartozik területfejlesztési szempontból kiemelt térséghez";"2 - Nem megyeszékhely";"0 - Nem székhelytelepülés";"02 - 500 - 999";"42 - Község";"99 - Nem tartozik nemzeti parkhoz";
"";"Jászárokszállás";" ";"4";"3";"7";"5";"2";"1";"6";"1";"3";" ";"2";" ";" ";"1,0";" ";"4";"3";"7";" ";" ";" ";" ";" ";" ";" ";"9992 - A település nem tartozik borvidékbe - Alföld";"9 - Településegyüttesbe nem tartozó település";"3 - Alföld és Észak";"9 - Településegyüttesbe nem tartozó települések";"162 - Jászberényi járás";"999 - Településegyüttesbe nem tartozó települések";"16 - Jász-Nagykun-Szolnok megye";"3 - Város";"9 - Nem kedvezményezett település";"9 - Nem tartozik borrégióhoz";"1 - Kedvezményezett járások";"03 - Észak-Alföldi Régió";"2210 - Jászárokszállás";"60 - Észak-Alföld (Hajdú-Bihar, Jász-Nagykun-Szolnok, Szabolcs-Szatmár-Bereg)";"99 - Nem világörökségi helyszín védõövezete";"9 - Nem szabad vállakozási zóna";"HU322 - Jász-Nagykun-Szolnok";"9 - Nem tartozik területfejlesztési szempontból kiemelt térséghez";"2 - Nem megyeszékhely";"0 - Nem székhelytelepülés";"05 - 5000 - 9999";"30 - Város";"99 - Nem tartozik nemzeti parkhoz";
"";"Jászberény";"1";"19";"17";"37";"17";"20";"1";"34";"3";"22";"2";"5";"3";"1,0";"1,0";"2";"23";"23";"48";" ";" ";" ";" ";" ";" ";" ";"1600 - Kunsági borvidék";"9 - Településegyüttesbe nem tartozó település";"3 - Alföld és Észak";"9 - Településegyüttesbe nem tartozó települések";"162 - Jászberényi járás";"999 - Településegyüttesbe nem tartozó települések";"16 - Jász-Nagykun-Szolnok megye";"3 - Város";"9 - Nem kedvezményezett település";"9 - Nem tartozik borrégióhoz";"1 - Kedvezményezett járások";"03 - Észak-Alföldi Régió";"1820 - Jászberény";"60 - Észak-Alföld (Hajdú-Bihar, Jász-Nagykun-Szolnok, Szabolcs-Szatmár-Bereg)";"99 - Nem világörökségi helyszín védõövezete";"9 - Nem szabad vállakozási zóna";"HU322 - Jász-Nagykun-Szolnok";"9 - Nem tartozik területfejlesztési szempontból kiemelt térséghez";"2 - Nem megyeszékhely";"1 - Székhelytelepülés";"07 - 20000 - 49999";"30 - Város";"99 - Nem tartozik nemzeti parkhoz";
"";"Jászboldogháza";" ";" ";"2";"2";"1";"1";" ";"2";"1";"1";" ";" ";" ";" ";" ";" ";" ";"2";"2";" ";" ";" ";" ";" ";" ";" ";"9992 - A település nem tartozik borvidékbe - Alföld";"9 - Településegyüttesbe nem tartozó település";"3 - Alföld és Észak";"9 - Településegyüttesbe nem tartozó települések";"162 - Jászberényi járás";"999 - Településegyüttesbe nem tartozó települések";"16 - Jász-Nagykun-Szolnok megye";"4 - Község";"9 - Nem kedvezményezett település";"9 - Nem tartozik borrégióhoz";"1 - Kedvezményezett járások";"03 - Észak-Alföldi Régió";"1581 - Jászboldogháza";"60 - Észak-Alföld (Hajdú-Bihar, Jász-Nagykun-Szolnok, Szabolcs-Szatmár-Bereg)";"99 - Nem világörökségi helyszín védõövezete";"9 - Nem szabad vállakozási zóna";"HU322 - Jász-Nagykun-Szolnok";"9 - Nem tartozik területfejlesztési szempontból kiemelt térséghez";"2 - Nem megyeszékhely";"0 - Nem székhelytelepülés";"03 - 1000 - 1999";"42 - Község";"99 - Nem tartozik nemzeti parkhoz";
"";"Jászfelsõszentgyörgy";" ";" ";"1";"1";"1";" ";" ";"1";" ";"1";" ";" ";" ";" ";" ";" ";" ";"1";"1";" ";" ";" ";" ";" ";" ";" ";"9992 - A település nem tartozik borvidékbe - Alföld";"9 - Településegyüttesbe nem tartozó település";"3 - Alföld és Észak";"9 - Településegyüttesbe nem tartozó települések";"162 - Jászberényi járás";"999 - Településegyüttesbe nem tartozó települések";"16 - Jász-Nagykun-Szolnok megye";"4 - Község";"9 - Nem kedvezményezett település";"9 - Nem tartozik borrégióhoz";"1 - Kedvezményezett járások";"03 - Észak-Alföldi Régió";"2357 - Jászfelsõszentgyörgy";"60 - Észak-Alföld (Hajdú-Bihar, Jász-Nagykun-Szolnok, Szabolcs-Szatmár-Bereg)";"99 - Nem világörökségi helyszín védõövezete";"9 - Nem szabad vállakozási zóna";"HU322 - Jász-Nagykun-Szolnok";"9 - Nem tartozik területfejlesztési szempontból kiemelt térséghez";"2 - Nem megyeszékhely";"0 - Nem székhelytelepülés";"03 - 1000 - 1999";"42 - Község";"99 - Nem tartozik nemzeti parkhoz";
"";"Jászfényszaru";"1";"3";"2";"6";"3";"3";" ";"6";"1";"4";" ";"1";" ";" ";" ";"1";"3";"6";"10";" ";" ";" ";" ";" ";" ";" ";"9992 - A település nem tartozik borvidékbe - Alföld";"9 - Településegyüttesbe nem tartozó település";"3 - Alföld és Észak";"9 - Településegyüttesbe nem tartozó települések";"162 - Jászberényi járás";"999 - Településegyüttesbe nem tartozó települések";"16 - Jász-Nagykun-Szolnok megye";"3 - Város";"9 - Nem kedvezményezett település";"9 - Nem tartozik borrégióhoz";"1 - Kedvezményezett járások";"03 - Észak-Alföldi Régió";"2333 - Jászfényszaru";"60 - Észak-Alföld (Hajdú-Bihar, Jász-Nagykun-Szolnok, Szabolcs-Szatmár-Bereg)";"99 - Nem világörökségi helyszín védõövezete";"9 - Nem szabad vállakozási zóna";"HU322 - Jász-Nagykun-Szolnok";"9 - Nem tartozik területfejlesztési szempontból kiemelt térséghez";"2 - Nem megyeszékhely";"0 - Nem székhelytelepülés";"05 - 5000 - 9999";"30 - Város";"99 - Nem tartozik nemzeti parkhoz";
"";"Jászjákóhalma";" ";" ";"3";"3";"3";" ";"1";"3";"1";"2";" ";" ";" ";" ";"1,0";" ";" ";"5";"5";" ";" ";" ";" ";" ";" ";" ";"9992 - A település nem tartozik borvidékbe - Alföld";"9 - Településegyüttesbe nem tartozó település";"3 - Alföld és Észak";"9 - Településegyüttesbe nem tartozó települések";"162 - Jászberényi járás";"999 - Településegyüttesbe nem tartozó települések";"16 - Jász-Nagykun-Szolnok megye";"4 - Község";"9 - Nem kedvezményezett település";"9 - Nem tartozik borrégióhoz";"1 - Kedvezményezett járások";"03 - Észak-Alföldi Régió";"2518 - Jászjákóhalma";"60 - Észak-Alföld (Hajdú-Bihar, Jász-Nagykun-Szolnok, Szabolcs-Szatmár-Bereg)";"99 - Nem világörökségi helyszín védõövezete";"9 - Nem szabad vállakozási zóna";"HU322 - Jász-Nagykun-Szolnok";"9 - Nem tartozik területfejlesztési szempontból kiemelt térséghez";"2 - Nem megyeszékhely";"0 - Nem székhelytelepülés";"04 - 2000 - 4999";"42 - Község";"99 - Nem tartozik nemzeti parkhoz";
"";"Jásztelek";" ";" ";" ";" ";" ";" ";" ";" ";" ";" ";" ";" ";" ";" ";" ";" ";" ";" ";" ";" ";" ";" ";" ";" ";" ";" ";"9992 - A település nem tartozik borvidékbe - Alföld";"9 - Településegyüttesbe nem tartozó település";"3 - Alföld és Észak";"9 - Településegyüttesbe nem tartozó települések";"162 - Jászberényi járás";"999 - Településegyüttesbe nem tartozó települések";"16 - Jász-Nagykun-Szolnok megye";"4 - Község";"9 - Nem kedvezményezett település";"9 - Nem tartozik borrégióhoz";"1 - Kedvezményezett járások";"03 - Észak-Alföldi Régió";"2313 - Jásztelek";"60 - Észak-Alföld (Hajdú-Bihar, Jász-Nagykun-Szolnok, Szabolcs-Szatmár-Bereg)";"99 - Nem világörökségi helyszín védõövezete";"9 - Nem szabad vállakozási zóna";"HU322 - Jász-Nagykun-Szolnok";"9 - Nem tartozik területfejlesztési szempontból kiemelt térséghez";"2 - Nem megyeszékhely";"0 - Nem székhelytelepülés";"03 - 1000 - 1999";"42 - Község";"99 - Nem tartozik nemzeti parkhoz";
"";"Pusztamonostor";"1";" ";" ";"1";"1";" ";" ";"1";" ";" ";" ";" ";" ";" ";" ";"1";" ";" ";"1";" ";" ";" ";" ";" ";" ";" ";"9992 - A település nem tartozik borvidékbe - Alföld";"9 - Településegyüttesbe nem tartozó település";"3 - Alföld és Észak";"9 - Településegyüttesbe nem tartozó települések";"162 - Jászberényi járás";"999 - Településegyüttesbe nem tartozó települések";"16 - Jász-Nagykun-Szolnok megye";"4 - Község";"9 - Nem kedvezményezett település";"9 - Nem tartozik borrégióhoz";"1 - Kedvezményezett járások";"03 - Észak-Alföldi Régió";"1524 - Pusztamonostor";"60 - Észak-Alföld (Hajdú-Bihar, Jász-Nagykun-Szolnok, Szabolcs-Szatmár-Bereg)";"99 - Nem világörökségi helyszín védõövezete";"9 - Nem szabad vállakozási zóna";"HU322 - Jász-Nagykun-Szolnok";"9 - Nem tartozik területfejlesztési szempontból kiemelt térséghez";"2 - Nem megyeszékhely";"0 - Nem székhelytelepülés";"03 - 1000 - 1999";"42 - Község";"99 - Nem tartozik nemzeti parkhoz";
"";"Karcagi járás";"3";"14";"64";"81";"61";"20";"5";"77";"9";"47";"4";"12";"4";" ";"5,0";"3";"19";"81";"103";" ";" ";" ";" ";" ";" ";" ";
"";"Berekfürdõ";" ";" ";"1";"1";"1";" ";" ";"1";" ";"1";" ";" ";" ";" ";" ";" ";" ";"1";"1";" ";" ";" ";" ";" ";" ";" ";"9992 - A település nem tartozik borvidékbe - Alföld";"9 - Településegyüttesbe nem tartozó település";"3 - Alföld és Észak";"9 - Településegyüttesbe nem tartozó települések";"163 - Karcagi járás";"999 - Településegyüttesbe nem tartozó települések";"16 - Jász-Nagykun-Szolnok megye";"4 - Község";"9 - Nem kedvezményezett település";"9 - Nem tartozik borrégióhoz";"2 - Fejlesztendõ járások";"04 - Tisza-tavi Régió";"3400 - Berekfürdõ";"60 - Észak-Alföld (Hajdú-Bihar, Jász-Nagykun-Szolnok, Szabolcs-Szatmár-Bereg)";"99 - Nem világörökségi helyszín védõövezete";"1 - Szabad vállakozási zóna";"HU322 - Jász-Nagykun-Szolnok";"9 - Nem tartozik területfejlesztési szempontból kiemelt térséghez";"2 - Nem megyeszékhely";"0 - Nem székhelytelepülés";"02 - 500 - 999";"42 - Község";"99 - Nem tartozik nemzeti parkhoz";
"";"Karcag";"2";"8";"33";"43";"36";"7";"2";"40";"6";"22";"2";"7";"3";" ";"2,0";"2";"11";"44";"57";" ";" ";" ";" ";" ";" ";" ";"9992 - A település nem tartozik borvidékbe - Alföld";"9 - Településegyüttesbe nem tartozó település";"3 - Alföld és Észak";"9 - Településegyüttesbe nem tartozó települések";"163 - Karcagi járás";"999 - Településegyüttesbe nem tartozó települések";"16 - Jász-Nagykun-Szolnok megye";"3 - Város";"2 - Jelentõs munkanélküliséggel sújtott települések";"9 - Nem tartozik borrégióhoz";"2 - Fejlesztendõ járások";"04 - Tisza-tavi Régió";"0492 - Karcag";"60 - Észak-Alföld (Hajdú-Bihar, Jász-Nagykun-Szolnok, Szabolcs-Szatmár-Bereg)";"99 - Nem világörökségi helyszín védõövezete";"1 - Szabad vállakozási zóna";"HU322 - Jász-Nagykun-Szolnok";"9 - Nem tartozik területfejlesztési szempontból kiemelt térséghez";"2 - Nem megyeszékhely";"1 - Székhelytelepülés";"06 - 10000 - 19999";"30 - Város";"07 - Hortobágyi Nemzeti Park";
"";"Kenderes";" ";" ";"6";"6";"4";"2";" ";"6";"1";"3";"2";" ";" ";" ";" ";" ";" ";"7";"7";" ";" ";" ";" ";" ";" ";" ";"9992 - A település nem tartozik borvidékbe - Alföld";"9 - Településegyüttesbe nem tartozó település";"3 - Alföld és Észak";"9 - Településegyüttesbe nem tartozó települések";"163 - Karcagi járás";"999 - Településegyüttesbe nem tartozó települések";"16 - Jász-Nagykun-Szolnok megye";"3 - Város";"9 - Nem kedvezményezett település";"9 - Nem tartozik borrégióhoz";"2 - Fejlesztendõ járások";"03 - Észak-Alföldi Régió";"1714 - Kenderes";"60 - Észak-Alföld (Hajdú-Bihar, Jász-Nagykun-Szolnok, Szabolcs-Szatmár-Bereg)";"99 - Nem világörökségi helyszín védõövezete";"1 - Szabad vállakozási zóna";"HU322 - Jász-Nagykun-Szolnok";"9 - Nem tartozik területfejlesztési szempontból kiemelt térséghez";"2 - Nem megyeszékhely";"0 - Nem székhelytelepülés";"04 - 2000 - 4999";"30 - Város";"99 - Nem tartozik nemzeti parkhoz";
"";"Kisújszállás";"1";"3";"13";"17";"10";"7";"1";"17";"1";"13";" ";"3";" ";" ";"1,0";"1";"3";"16";"20";" ";" ";" ";" ";" ";" ";" ";"9992 - A település nem tartozik borvidékbe - Alföld";"9 - Településegyüttesbe nem tartozó település";"3 - Alföld és Észak";"9 - Településegyüttesbe nem tartozó települések";"163 - Karcagi járás";"999 - Településegyüttesbe nem tartozó települések";"16 - Jász-Nagykun-Szolnok megye";"3 - Város";"9 - Nem kedvezményezett település";"9 - Nem tartozik borrégióhoz";"2 - Fejlesztendõ járások";"03 - Észak-Alföldi Régió";"2591 - Kisújszállás";"60 - Észak-Alföld (Hajdú-Bihar, Jász-Nagykun-Szolnok, Szabolcs-Szatmár-Bereg)";"99 - Nem világörökségi helyszín védõövezete";"1 - Szabad vállakozási zóna";"HU322 - Jász-Nagykun-Szolnok";"9 - Nem tartozik területfejlesztési szempontból kiemelt térséghez";"2 - Nem megyeszékhely";"0 - Nem székhelytelepülés";"06 - 10000 - 19999";"30 - Város";"09 - Körös-Maros Nemzeti Park";
"";"Kunmadaras";" ";"3";"11";"14";"10";"4";"2";"13";"1";"8";" ";"2";"1";" ";"2,0";" ";"5";"13";"18";" ";" ";" ";" ";" ";" ";" ";"9992 - A település nem tartozik borvidékbe - Alföld";"9 - Településegyüttesbe nem tartozó település";"3 - Alföld és Észak";"9 - Településegyüttesbe nem tartozó települések";"163 - Karcagi járás";"999 - Településegyüttesbe nem tartozó települések";"16 - Jász-Nagykun-Szolnok megye";"4 - Község";"3 - Társadalmi-gazdasági és infrastrukturális szempontból kedvezményezett és a j...";"9 - Nem tartozik borrégióhoz";"2 - Fejlesztendõ járások";"04 - Tisza-tavi Régió";"2317 - Kunmadaras";"60 - Észak-Alföld (Hajdú-Bihar, Jász-Nagykun-Szolnok, Szabolcs-Szatmár-Bereg)";"99 - Nem világörökségi helyszín védõövezete";"1 - Szabad vállakozási zóna";"HU322 - Jász-Nagykun-Szolnok";"9 - Nem tartozik területfejlesztési szempontból kiemelt térséghez";"2 - Nem megyeszékhely";"0 - Nem székhelytelepülés";"05 - 5000 - 9999";"41 - Nagyközség";"07 - Hortobágyi Nemzeti Park";
"";"Kunhegyesi járás";"1";"3";"21";"25";"16";"9";"4";"23";"5";"14";"1";"1";"1";" ";"4,0";"1";"3";"24";"28";" ";" ";" ";" ";" ";" ";" ";
"";"Abádszalók";"1";" ";"4";"5";"3";"2";"1";"5";"1";"2";" ";"1";" ";" ";"1,0";"1";" ";"4";"5";" ";" ";" ";" ";" ";" ";" ";"9992 - A település nem tartozik borvidékbe - Alföld";"9 - Településegyüttesbe nem tartozó település";"3 - Alföld és Észak";"9 - Településegyüttesbe nem tartozó települések";"164 - Kunhegyesi járás";"999 - Településegyüttesbe nem tartozó települések";"16 - Jász-Nagykun-Szolnok megye";"3 - Város";"9 - Nem kedvezményezett település";"9 - Nem tartozik borrégióhoz";"3 - Komplex programmal fejlesztendõ járások";"04 - Tisza-tavi Régió";"1244 - Abádszalók";"60 - Észak-Alföld (Hajdú-Bihar, Jász-Nagykun-Szolnok, Szabolcs-Szatmár-Bereg)";"99 - Nem világörökségi helyszín védõövezete";"1 - Szabad vállakozási zóna";"HU322 - Jász-Nagykun-Szolnok";"9 - Nem tartozik területfejlesztési szempontból kiemelt térséghez";"2 - Nem megyeszékhely";"0 - Nem székhelytelepülés";"04 - 2000 - 4999";"30 - Város";"99 - Nem tartozik nemzeti parkhoz";
"";"Kunhegyes";" ";" ";"9";"9";"6";"3";" ";"9";"3";"4";"1";" ";" ";" ";" ";" ";" ";"11";"11";" ";" ";" ";" ";" ";" ";" ";"9992 - A település nem tartozik borvidékbe - Alföld";"9 - Településegyüttesbe nem tartozó település";"3 - Alföld és Észak";"9 - Településegyüttesbe nem tartozó települések";"164 - Kunhegyesi járás";"999 - Településegyüttesbe nem tartozó települések";"16 - Jász-Nagykun-Szolnok megye";"3 - Város";"2 - Jelentõs munkanélküliséggel sújtott települések";"9 - Nem tartozik borrégióhoz";"3 - Komplex programmal fejlesztendõ járások";"04 - Tisza-tavi Régió";"2256 - Kunhegyes";"60 - Észak-Alföld (Hajdú-Bihar, Jász-Nagykun-Szolnok, Szabolcs-Szatmár-Bereg)";"99 - Nem világörökségi helyszín védõövezete";"1 - Szabad vállakozási zóna";"HU322 - Jász-Nagykun-Szolnok";"9 - Nem tartozik területfejlesztési szempontból kiemelt térséghez";"2 - Nem megyeszékhely";"1 - Székhelytelepülés";"05 - 5000 - 9999";"30 - Város";"99 - Nem tartozik nemzeti parkhoz";
"";"Tiszabõ";" ";"2";" ";"2";"2";" ";" ";"2";" ";"2";" ";" ";" ";" ";" ";" ";"2";" ";"2";" ";" ";" ";" ";" ";" ";" ";"9992 - A település nem tartozik borvidékbe - Alföld";"9 - Településegyüttesbe nem tartozó település";"3 - Alföld és Észak";"9 - Településegyüttesbe nem tartozó települések";"164 - Kunhegyesi járás";"999 - Településegyüttesbe nem tartozó települések";"16 - Jász-Nagykun-Szolnok megye";"4 - Község";"1 - Társadalmi-gazdasági és infrastrukturális szempontból kedvezményezett telepü...";"9 - Nem tartozik borrégióhoz";"3 - Komplex programmal fejlesztendõ járások";"04 - Tisza-tavi Régió";"1077 - Tiszabõ";"60 - Észak-Alföld (Hajdú-Bihar, Jász-Nagykun-Szolnok, Szabolcs-Szatmár-Bereg)";"99 - Nem világörökségi helyszín védõövezete";"1 - Szabad vállakozási zóna";"HU322 - Jász-Nagykun-Szolnok";"9 - Nem tartozik területfejlesztési szempontból kiemelt térséghez";"2 - Nem megyeszékhely";"0 - Nem székhelytelepülés";"04 - 2000 - 4999";"42 - Község";"99 - Nem tartozik nemzeti parkhoz";
"";"Tiszabura";" ";" ";"3";"3";"3";" ";" ";"1";" ";"1";" ";" ";"1";" ";" ";" ";" ";"3";"3";" ";" ";" ";" ";" ";" ";" ";"9992 - A település nem tartozik borvidékbe - Alföld";"9 - Településegyüttesbe nem tartozó település";"3 - Alföld és Észak";"9 - Településegyüttesbe nem tartozó települések";"164 - Kunhegyesi járás";"999 - Településegyüttesbe nem tartozó települések";"16 - Jász-Nagykun-Szolnok megye";"4 - Község";"3 - Társadalmi-gazdasági és infrastrukturális szempontból kedvezményezett és a j...";"9 - Nem tartozik borrégióhoz";"3 - Komplex programmal fejlesztendõ járások";"04 - Tisza-tavi Régió";"2277 - Tiszabura";"60 - Észak-Alföld (Hajdú-Bihar, Jász-Nagykun-Szolnok, Szabolcs-Szatmár-Bereg)";"99 - Nem világörökségi helyszín védõövezete";"1 - Szabad vállakozási zóna";"HU322 - Jász-Nagykun-Szolnok";"9 - Nem tartozik területfejlesztési szempontból kiemelt térséghez";"2 - Nem megyeszékhely";"0 - Nem székhelytelepülés";"04 - 2000 - 4999";"42 - Község";"99 - Nem tartozik nemzeti parkhoz";
"";"Tiszagyenda";" ";" ";"2";"2";" ";"2";"1";"2";" ";"2";" ";" ";" ";" ";"1,0";" ";" ";"2";"2";" ";" ";" ";" ";" ";" ";" ";"9992 - A település nem tartozik borvidékbe - Alföld";"9 - Településegyüttesbe nem tartozó település";"3 - Alföld és Észak";"9 - Településegyüttesbe nem tartozó települések";"164 - Kunhegyesi járás";"999 - Településegyüttesbe nem tartozó települések";"16 - Jász-Nagykun-Szolnok megye";"4 - Község";"1 - Társadalmi-gazdasági és infrastrukturális szempontból kedvezményezett telepü...";"9 - Nem tartozik borrégióhoz";"3 - Komplex programmal fejlesztendõ járások";"04 - Tisza-tavi Régió";"3030 - Tiszagyenda";"60 - Észak-Alföld (Hajdú-Bihar, Jász-Nagykun-Szolnok, Szabolcs-Szatmár-Bereg)";"99 - Nem világörökségi helyszín védõövezete";"1 - Szabad vállakozási zóna";"HU322 - Jász-Nagykun-Szolnok";"9 - Nem tartozik területfejlesztési szempontból kiemelt térséghez";"2 - Nem megyeszékhely";"0 - Nem székhelytelepülés";"02 - 500 - 999";"42 - Község";"99 - Nem tartozik nemzeti parkhoz";
"";"Tiszaroff";" ";"1";"3";"4";"2";"2";"2";"4";"1";"3";" ";" ";" ";" ";"2,0";" ";"1";"4";"5";" ";" ";" ";" ";" ";" ";" ";"9992 - A település nem tartozik borvidékbe - Alföld";"9 - Településegyüttesbe nem tartozó település";"3 - Alföld és Észak";"9 - Településegyüttesbe nem tartozó települések";"164 - Kunhegyesi járás";"999 - Településegyüttesbe nem tartozó települések";"16 - Jász-Nagykun-Szolnok megye";"4 - Község";"3 - Társadalmi-gazdasági és infrastrukturális szempontból kedvezményezett és a j...";"9 - Nem tartozik borrégióhoz";"3 - Komplex programmal fejlesztendõ járások";"04 - Tisza-tavi Régió";"2018 - Tiszaroff";"60 - Észak-Alföld (Hajdú-Bihar, Jász-Nagykun-Szolnok, Szabolcs-Szatmár-Bereg)";"99 - Nem világörökségi helyszín védõövezete";"1 - Szabad vállakozási zóna";"HU322 - Jász-Nagykun-Szolnok";"9 - Nem tartozik területfejlesztési szempontból kiemelt térséghez";"2 - Nem megyeszékhely";"0 - Nem székhelytelepülés";"03 - 1000 - 1999";"42 - Község";"99 - Nem tartozik nemzeti parkhoz";
"";"Tomajmonostora";" ";" ";" ";" ";" ";" ";" ";" ";" ";" ";" ";" ";" ";" ";" ";" ";" ";" ";" ";" ";" ";" ";" ";" ";" ";" ";"9992 - A település nem tartozik borvidékbe - Alföld";"9 - Településegyüttesbe nem tartozó település";"3 - Alföld és Észak";"9 - Településegyüttesbe nem tartozó települések";"164 - Kunhegyesi járás";"999 - Településegyüttesbe nem tartozó települések";"16 - Jász-Nagykun-Szolnok megye";"4 - Község";"1 - Társadalmi-gazdasági és infrastrukturális szempontból kedvezményezett telepü...";"9 - Nem tartozik borrégióhoz";"3 - Komplex programmal fejlesztendõ járások";"04 - Tisza-tavi Régió";"0955 - Tomajmonostora";"60 - Észak-Alföld (Hajdú-Bihar, Jász-Nagykun-Szolnok, Szabolcs-Szatmár-Bereg)";"99 - Nem világörökségi helyszín védõövezete";"1 - Szabad vállakozási zóna";"HU322 - Jász-Nagykun-Szolnok";"9 - Nem tartozik területfejlesztési szempontból kiemelt térséghez";"2 - Nem megyeszékhely";"0 - Nem székhelytelepülés";"02 - 500 - 999";"42 - Község";"99 - Nem tartozik nemzeti parkhoz";
"";"Kunszentmártoni járás";"6";"19";"35";"60";"28";"32";"7";"58";"7";"36";"7";"4";"1";" ";"7,0";"6";"22";"58";"86";" ";" ";" ";" ";" ";" ";" ";
"";"Cibakháza";" ";"2";"3";"5";"3";"2";"2";"4";" ";"2";"1";"1";" ";" ";"2,0";" ";"2";"4";"6";" ";" ";" ";" ";" ";" ";" ";"1600 - Kunsági borvidék";"9 - Településegyüttesbe nem tartozó település";"3 - Alföld és Észak";"9 - Településegyüttesbe nem tartozó települések";"165 - Kunszentmártoni járás";"999 - Településegyüttesbe nem tartozó települések";"16 - Jász-Nagykun-Szolnok megye";"4 - Község";"3 - Társadalmi-gazdasági és infrastrukturális szempontból kedvezményezett és a j...";"9 - Nem tartozik borrégióhoz";"2 - Fejlesztendõ járások";"03 - Észak-Alföldi Régió";"2293 - Cibakháza";"60 - Észak-Alföld (Hajdú-Bihar, Jász-Nagykun-Szolnok, Szabolcs-Szatmár-Bereg)";"99 - Nem világörökségi helyszín védõövezete";"1 - Szabad vállakozási zóna";"HU322 - Jász-Nagykun-Szolnok";"9 - Nem tartozik területfejlesztési szempontból kiemelt térséghez";"2 - Nem megyeszékhely";"0 - Nem székhelytelepülés";"04 - 2000 - 4999";"41 - Nagyközség";"99 - Nem tartozik nemzeti parkhoz";
"";"Csépa";" ";" ";" ";" ";" ";" ";" ";" ";" ";" ";" ";" ";" ";" ";" ";" ";" ";" ";" ";" ";" ";" ";" ";" ";" ";" ";"1600 - Kunsági borvidék";"9 - Településegyüttesbe nem tartozó település";"3 - Alföld és Észak";"9 - Településegyüttesbe nem tartozó települések";"165 - Kunszentmártoni járás";"999 - Településegyüttesbe nem tartozó települések";"16 - Jász-Nagykun-Szolnok megye";"4 - Község";"3 - Társadalmi-gazdasági és infrastrukturális szempontból kedvezményezett és a j...";"9 - Nem tartozik borrégióhoz";"2 - Fejlesztendõ járások";"03 - Észak-Alföldi Régió";"1317 - Csépa";"60 - Észak-Alföld (Hajdú-Bihar, Jász-Nagykun-Szolnok, Szabolcs-Szatmár-Bereg)";"99 - Nem világörökségi helyszín védõövezete";"1 - Szabad vállakozási zóna";"HU322 - Jász-Nagykun-Szolnok";"9 - Nem tartozik területfejlesztési szempontból kiemelt térséghez";"2 - Nem megyeszékhely";"0 - Nem székhelytelepülés";"03 - 1000 - 1999";"42 - Község";"99 - Nem tartozik nemzeti parkhoz";
"";"Cserkeszõlõ";" ";" ";" ";" ";" ";" ";" ";" ";" ";" ";" ";" ";" ";" ";" ";" ";" ";" ";" ";" ";" ";" ";" ";" ";" ";" ";"1600 - Kunsági borvidék";"9 - Településegyüttesbe nem tartozó település";"3 - Alföld és Észak";"9 - Településegyüttesbe nem tartozó települések";"165 - Kunszentmártoni járás";"999 - Településegyüttesbe nem tartozó települések";"16 - Jász-Nagykun-Szolnok megye";"4 - Község";"9 - Nem kedvezményezett település";"9 - Nem tartozik borrégióhoz";"2 - Fejlesztendõ járások";"03 - Észak-Alföldi Régió";"0579 - Cserkeszõlõ";"60 - Észak-Alföld (Hajdú-Bihar, Jász-Nagykun-Szolnok, Szabolcs-Szatmár-Bereg)";"99 - Nem világörökségi helyszín védõövezete";"1 - Szabad vállakozási zóna";"HU322 - Jász-Nagykun-Szolnok";"9 - Nem tartozik területfejlesztési szempontból kiemelt térséghez";"2 - Nem megyeszékhely";"0 - Nem székhelytelepülés";"04 - 2000 - 4999";"42 - Község";"99 - Nem tartozik nemzeti parkhoz";
"";"Kunszentmárton";"2";"2";"9";"13";"4";"9";" ";"13";"1";"5";"4";" ";" ";" ";" ";"2";"3";"17";"22";" ";" ";" ";" ";" ";" ";" ";"9992 - A település nem tartozik borvidékbe - Alföld";"9 - Településegyüttesbe nem tartozó település";"3 - Alföld és Észak";"9 - Településegyüttesbe nem tartozó települések";"165 - Kunszentmártoni járás";"999 - Településegyüttesbe nem tartozó települések";"16 - Jász-Nagykun-Szolnok megye";"3 - Város";"2 - Jelentõs munkanélküliséggel sújtott települések";"9 - Nem tartozik borrégióhoz";"2 - Fejlesztendõ járások";"03 - Észak-Alföldi Régió";"3250 - Kunszentmárton";"60 - Észak-Alföld (Hajdú-Bihar, Jász-Nagykun-Szolnok, Szabolcs-Szatmár-Bereg)";"99 - Nem világörökségi helyszín védõövezete";"1 - Szabad vállakozási zóna";"HU322 - Jász-Nagykun-Szolnok";"9 - Nem tartozik területfejlesztési szempontból kiemelt térséghez";"2 - Nem megyeszékhely";"1 - Székhelytelepülés";"05 - 5000 - 9999";"30 - Város";"09 - Körös-Maros Nemzeti Park";
"";"Nagyrév";"1";"1";" ";"2";" ";"2";" ";"2";" ";"2";" ";" ";" ";" ";" ";"1";"1";" ";"2";" ";" ";" ";" ";" ";" ";" ";"1600 - Kunsági borvidék";"9 - Településegyüttesbe nem tartozó település";"3 - Alföld és Észak";"9 - Településegyüttesbe nem tartozó települések";"165 - Kunszentmártoni járás";"999 - Településegyüttesbe nem tartozó települések";"16 - Jász-Nagykun-Szolnok megye";"4 - Község";"3 - Társadalmi-gazdasági és infrastrukturális szempontból kedvezményezett és a j...";"9 - Nem tartozik borrégióhoz";"2 - Fejlesztendõ járások";"03 - Észak-Alföldi Régió";"0631 - Nagyrév";"60 - Észak-Alföld (Hajdú-Bihar, Jász-Nagykun-Szolnok, Szabolcs-Szatmár-Bereg)";"99 - Nem világörökségi helyszín védõövezete";"1 - Szabad vállakozási zóna";"HU322 - Jász-Nagykun-Szolnok";"9 - Nem tartozik területfejlesztési szempontból kiemelt térséghez";"2 - Nem megyeszékhely";"0 - Nem székhelytelepülés";"02 - 500 - 999";"42 - Község";"99 - Nem tartozik nemzeti parkhoz";
"";"Öcsöd";" ";"6";"4";"10";"5";"5";"2";"10";"1";"9";" ";" ";" ";" ";"2,0";" ";"8";"15";"23";" ";" ";" ";" ";" ";" ";" ";"9992 - A település nem tartozik borvidékbe - Alföld";"9 - Településegyüttesbe nem tartozó település";"3 - Alföld és Észak";"9 - Településegyüttesbe nem tartozó települések";"165 - Kunszentmártoni járás";"999 - Településegyüttesbe nem tartozó települések";"16 - Jász-Nagykun-Szolnok megye";"4 - Község";"1 - Társadalmi-gazdasági és infrastrukturális szempontból kedvezményezett telepü...";"9 - Nem tartozik borrégióhoz";"2 - Fejlesztendõ járások";"03 - Észak-Alföldi Régió";"2800 - Öcsöd";"60 - Észak-Alföld (Hajdú-Bihar, Jász-Nagykun-Szolnok, Szabolcs-Szatmár-Bereg)";"99 - Nem világörökségi helyszín védõövezete";"1 - Szabad vállakozási zóna";"HU322 - Jász-Nagykun-Szolnok";"9 - Nem tartozik területfejlesztési szempontból kiemelt térséghez";"2 - Nem megyeszékhely";"0 - Nem székhelytelepülés";"04 - 2000 - 4999";"41 - Nagyközség";"09 - Körös-Maros Nemzeti Park";
"";"Szelevény";"1";"2";"2";"5";" ";"5";" ";"5";"1";"4";" ";" ";" ";" ";" ";"1";"2";"2";"5";" ";" ";" ";" ";" ";" ";" ";"1600 - Kunsági borvidék";"9 - Településegyüttesbe nem tartozó település";"3 - Alföld és Észak";"9 - Településegyüttesbe nem tartozó települések";"165 - Kunszentmártoni járás";"999 - Településegyüttesbe nem tartozó települések";"16 - Jász-Nagykun-Szolnok megye";"4 - Község";"3 - Társadalmi-gazdasági és infrastrukturális szempontból kedvezményezett és a j...";"9 - Nem tartozik borrégióhoz";"2 - Fejlesztendõ járások";"03 - Észak-Alföldi Régió";"2042 - Szelevény";"60 - Észak-Alföld (Hajdú-Bihar, Jász-Nagykun-Szolnok, Szabolcs-Szatmár-Bereg)";"99 - Nem világörökségi helyszín védõövezete";"1 - Szabad vállakozási zóna";"HU322 - Jász-Nagykun-Szolnok";"9 - Nem tartozik területfejlesztési szempontból kiemelt térséghez";"2 - Nem megyeszékhely";"0 - Nem székhelytelepülés";"03 - 1000 - 1999";"42 - Község";"09 - Körös-Maros Nemzeti Park";
"";"Tiszaföldvár";"1";"5";"13";"19";"13";"6";"1";"18";"2";"11";"2";"3";"1";" ";"1,0";"1";"5";"15";"21";" ";" ";" ";" ";" ";" ";" ";"1600 - Kunsági borvidék";"9 - Településegyüttesbe nem tartozó település";"3 - Alföld és Észak";"9 - Településegyüttesbe nem tartozó települések";"165 - Kunszentmártoni járás";"999 - Településegyüttesbe nem tartozó települések";"16 - Jász-Nagykun-Szolnok megye";"3 - Város";"2 - Jelentõs munkanélküliséggel sújtott települések";"9 - Nem tartozik borrégióhoz";"2 - Fejlesztendõ járások";"03 - Észak-Alföldi Régió";"1381 - Tiszaföldvár";"60 - Észak-Alföld (Hajdú-Bihar, Jász-Nagykun-Szolnok, Szabolcs-Szatmár-Bereg)";"99 - Nem világörökségi helyszín védõövezete";"1 - Szabad vállakozási zóna";"HU322 - Jász-Nagykun-Szolnok";"9 - Nem tartozik területfejlesztési szempontból kiemelt térséghez";"2 - Nem megyeszékhely";"0 - Nem székhelytelepülés";"06 - 10000 - 19999";"30 - Város";"09 - Körös-Maros Nemzeti Park";
"";"Tiszainoka";" ";" ";"1";"1";" ";"1";"1";"1";" ";"1";" ";" ";" ";" ";"1,0";" ";" ";"1";"1";" ";" ";" ";" ";" ";" ";" ";"1600 - Kunsági borvidék";"9 - Településegyüttesbe nem tartozó település";"3 - Alföld és Észak";"9 - Településegyüttesbe nem tartozó települések";"165 - Kunszentmártoni járás";"999 - Településegyüttesbe nem tartozó települések";"16 - Jász-Nagykun-Szolnok megye";"4 - Község";"1 - Társadalmi-gazdasági és infrastrukturális szempontból kedvezményezett telepü...";"9 - Nem tartozik borrégióhoz";"2 - Fejlesztendõ járások";"03 - Észak-Alföldi Régió";"2044 - Tiszainoka";"60 - Észak-Alföld (Hajdú-Bihar, Jász-Nagykun-Szolnok, Szabolcs-Szatmár-Bereg)";"99 - Nem világörökségi helyszín védõövezete";"1 - Szabad vállakozási zóna";"HU322 - Jász-Nagykun-Szolnok";"9 - Nem tartozik területfejlesztési szempontból kiemelt térséghez";"2 - Nem megyeszékhely";"0 - Nem székhelytelepülés";"01 - 499";"42 - Község";"99 - Nem tartozik nemzeti parkhoz";
"";"Tiszakürt";"1";" ";"1";"2";" ";"2";" ";"2";" ";"1";" ";" ";" ";" ";" ";"1";" ";"2";"3";" ";" ";" ";" ";" ";" ";" ";"1600 - Kunsági borvidék";"9 - Településegyüttesbe nem tartozó település";"3 - Alföld és Észak";"9 - Településegyüttesbe nem tartozó települések";"165 - Kunszentmártoni járás";"999 - Településegyüttesbe nem tartozó települések";"16 - Jász-Nagykun-Szolnok megye";"4 - Község";"1 - Társadalmi-gazdasági és infrastrukturális szempontból kedvezményezett telepü...";"9 - Nem tartozik borrégióhoz";"2 - Fejlesztendõ járások";"03 - Észak-Alföldi Régió";"3038 - Tiszakürt";"60 - Észak-Alföld (Hajdú-Bihar, Jász-Nagykun-Szolnok, Szabolcs-Szatmár-Bereg)";"99 - Nem világörökségi helyszín védõövezete";"1 - Szabad vállakozási zóna";"HU322 - Jász-Nagykun-Szolnok";"9 - Nem tartozik területfejlesztési szempontból kiemelt térséghez";"2 - Nem megyeszékhely";"0 - Nem székhelytelepülés";"03 - 1000 - 1999";"42 - Község";"99 - Nem tartozik nemzeti parkhoz";
"";"Tiszasas";" ";"1";"2";"3";"3";" ";"1";"3";"2";"1";" ";" ";" ";" ";"1,0";" ";"1";"2";"3";" ";" ";" ";" ";" ";" ";" ";"1600 - Kunsági borvidék";"9 - Településegyüttesbe nem tartozó település";"3 - Alföld és Észak";"9 - Településegyüttesbe nem tartozó települések";"165 - Kunszentmártoni járás";"999 - Településegyüttesbe nem tartozó települések";"16 - Jász-Nagykun-Szolnok megye";"4 - Község";"2 - Jelentõs munkanélküliséggel sújtott települések";"9 - Nem tartozik borrégióhoz";"2 - Fejlesztendõ járások";"03 - Észak-Alföldi Régió";"2149 - Tiszasas";"60 - Észak-Alföld (Hajdú-Bihar, Jász-Nagykun-Szolnok, Szabolcs-Szatmár-Bereg)";"99 - Nem világörökségi helyszín védõövezete";"1 - Szabad vállakozási zóna";"HU322 - Jász-Nagykun-Szolnok";"9 - Nem tartozik területfejlesztési szempontból kiemelt térséghez";"2 - Nem megyeszékhely";"0 - Nem székhelytelepülés";"03 - 1000 - 1999";"42 - Község";"08 - Kiskunsági Nemzeti Park";
"";"Mezõtúri járás";"2";"16";"28";"46";"25";"21";"4";"45";"3";"25";"5";"9";" ";"1,0";"4,0";"2";"18";"42";"62";" ";" ";" ";" ";" ";" ";" ";
"";"Kétpó";" ";" ";"1";"1";" ";"1";" ";"1";" ";"1";" ";" ";" ";" ";" ";" ";" ";"3";"3";" ";" ";" ";" ";" ";" ";" ";"9992 - A település nem tartozik borvidékbe - Alföld";"9 - Településegyüttesbe nem tartozó település";"3 - Alföld és Észak";"9 - Településegyüttesbe nem tartozó települések";"166 - Mezõtúri járás";"999 - Településegyüttesbe nem tartozó települések";"16 - Jász-Nagykun-Szolnok megye";"4 - Község";"1 - Társadalmi-gazdasági és infrastrukturális szempontból kedvezményezett telepü...";"9 - Nem tartozik borrégióhoz";"1 - Kedvezményezett járások";"03 - Észak-Alföldi Régió";"1981 - Kétpó";"60 - Észak-Alföld (Hajdú-Bihar, Jász-Nagykun-Szolnok, Szabolcs-Szatmár-Bereg)";"99 - Nem világörökségi helyszín védõövezete";"1 - Szabad vállakozási zóna";"HU322 - Jász-Nagykun-Szolnok";"9 - Nem tartozik területfejlesztési szempontból kiemelt térséghez";"2 - Nem megyeszékhely";"0 - Nem székhelytelepülés";"02 - 500 - 999";"42 - Község";"99 - Nem tartozik nemzeti parkhoz";
"";"Mesterszállás";" ";" ";" ";" ";" ";" ";" ";" ";" ";" ";" ";" ";" ";" ";" ";" ";" ";" ";" ";" ";" ";" ";" ";" ";" ";" ";"9992 - A település nem tartozik borvidékbe - Alföld";"9 - Településegyüttesbe nem tartozó település";"3 - Alföld és Észak";"9 - Településegyüttesbe nem tartozó települések";"166 - Mezõtúri járás";"999 - Településegyüttesbe nem tartozó települések";"16 - Jász-Nagykun-Szolnok megye";"4 - Község";"3 - Társadalmi-gazdasági és infrastrukturális szempontból kedvezményezett és a j...";"9 - Nem tartozik borrégióhoz";"1 - Kedvezményezett járások";"03 - Észak-Alföldi Régió";"3023 - Mesterszállás";"60 - Észak-Alföld (Hajdú-Bihar, Jász-Nagykun-Szolnok, Szabolcs-Szatmár-Bereg)";"99 - Nem világörökségi helyszín védõövezete";"1 - Szabad vállakozási zóna";"HU322 - Jász-Nagykun-Szolnok";"9 - Nem tartozik területfejlesztési szempontból kiemelt térséghez";"2 - Nem megyeszékhely";"0 - Nem székhelytelepülés";"02 - 500 - 999";"42 - Község";"09 - Körös-Maros Nemzeti Park";
"";"Mezõhék";" ";" ";"3";"3";" ";"3";"1";"2";" ";"2";" ";" ";" ";" ";"1,0";" ";" ";"3";"3";" ";" ";" ";" ";" ";" ";" ";"9992 - A település nem tartozik borvidékbe - Alföld";"9 - Településegyüttesbe nem tartozó település";"3 - Alföld és Észak";"9 - Településegyüttesbe nem tartozó települések";"166 - Mezõtúri járás";"999 - Településegyüttesbe nem tartozó települések";"16 - Jász-Nagykun-Szolnok megye";"4 - Község";"9 - Nem kedvezményezett település";"9 - Nem tartozik borrégióhoz";"1 - Kedvezményezett járások";"03 - Észak-Alföldi Régió";"2628 - Mezõhék";"60 - Észak-Alföld (Hajdú-Bihar, Jász-Nagykun-Szolnok, Szabolcs-Szatmár-Bereg)";"99 - Nem világörökségi helyszín védõövezete";"1 - Szabad vállakozási zóna";"HU322 - Jász-Nagykun-Szolnok";"9 - Nem tartozik területfejlesztési szempontból kiemelt térséghez";"2 - Nem megyeszékhely";"0 - Nem székhelytelepülés";"01 - 499";"42 - Község";"99 - Nem tartozik nemzeti parkhoz";
"";"Mezõtúr";" ";"11";"18";"29";"19";"10";"2";"29";"2";"15";"3";"7";" ";" ";"2,0";" ";"11";"24";"35";" ";" ";" ";" ";" ";" ";" ";"9992 - A település nem tartozik borvidékbe - Alföld";"9 - Településegyüttesbe nem tartozó település";"3 - Alföld és Észak";"9 - Településegyüttesbe nem tartozó települések";"166 - Mezõtúri járás";"999 - Településegyüttesbe nem tartozó települések";"16 - Jász-Nagykun-Szolnok megye";"3 - Város";"9 - Nem kedvezményezett település";"9 - Nem tartozik borrégióhoz";"1 - Kedvezményezett járások";"03 - Észak-Alföldi Régió";"0426 - Mezõtúr";"60 - Észak-Alföld (Hajdú-Bihar, Jász-Nagykun-Szolnok, Szabolcs-Szatmár-Bereg)";"99 - Nem világörökségi helyszín védõövezete";"1 - Szabad vállakozási zóna";"HU322 - Jász-Nagykun-Szolnok";"9 - Nem tartozik területfejlesztési szempontból kiemelt térséghez";"2 - Nem megyeszékhely";"1 - Székhelytelepülés";"06 - 10000 - 19999";"30 - Város";"09 - Körös-Maros Nemzeti Park";
"";"Túrkeve";"2";"5";"6";"13";"6";"7";"1";"13";"1";"7";"2";"2";" ";"1,0";"1,0";"2";"7";"12";"21";" ";" ";" ";" ";" ";" ";" ";"9992 - A település nem tartozik borvidékbe - Alföld";"9 - Településegyüttesbe nem tartozó település";"3 - Alföld és Észak";"9 - Településegyüttesbe nem tartozó települések";"166 - Mezõtúri járás";"999 - Településegyüttesbe nem tartozó települések";"16 - Jász-Nagykun-Szolnok megye";"3 - Város";"9 - Nem kedvezményezett település";"9 - Nem tartozik borrégióhoz";"1 - Kedvezményezett járások";"03 - Észak-Alföldi Régió";"2822 - Túrkeve";"60 - Észak-Alföld (Hajdú-Bihar, Jász-Nagykun-Szolnok, Szabolcs-Szatmár-Bereg)";"99 - Nem világörökségi helyszín védõövezete";"1 - Szabad vállakozási zóna";"HU322 - Jász-Nagykun-Szolnok";"9 - Nem tartozik területfejlesztési szempontból kiemelt térséghez";"2 - Nem megyeszékhely";"0 - Nem székhelytelepülés";"05 - 5000 - 9999";"30 - Város";"09 - Körös-Maros Nemzeti Park";
"";"Szolnoki járás";"4";"65";"112";"181";"113";"68";"10";"169";"12";"117";"6";"24";"11";"2,0";"10,0";"6";"76";"147";"229";" ";" ";" ";" ";" ";" ";" ";
"";"Besenyszög";" ";"1";"2";"3";"1";"2";"2";"3";"1";"2";" ";" ";" ";" ";"2,0";" ";"1";"3";"4";" ";" ";" ";" ";" ";" ";" ";"9992 - A település nem tartozik borvidékbe - Alföld";"3 - Egyéb település";"3 - Alföld és Észak";"3 - Nagyvárosi településegyüttes";"167 - Szolnoki járás";"311 - Szolnoki nagyvárosi településegyüttes";"16 - Jász-Nagykun-Szolnok megye";"3 - Város";"9 - Nem kedvezményezett település";"9 - Nem tartozik borrégióhoz";"9 - Nem tartozik kedvezményezett járáshoz";"03 - Észak-Alföldi Régió";"1130 - Besenyszög";"60 - Észak-Alföld (Hajdú-Bihar, Jász-Nagykun-Szolnok, Szabolcs-Szatmár-Bereg)";"99 - Nem világörökségi helyszín védõövezete";"9 - Nem szabad vállakozási zóna";"HU322 - Jász-Nagykun-Szolnok";"9 - Nem tartozik területfejlesztési szempontból kiemelt térséghez";"2 - Nem megyeszékhely";"0 - Nem székhelytelepülés";"04 - 2000 - 4999";"30 - Város";"99 - Nem tartozik nemzeti parkhoz";
"";"Csataszög";" ";" ";" ";" ";" ";" ";" ";" ";" ";" ";" ";" ";" ";" ";" ";" ";" ";" ";" ";" ";" ";" ";" ";" ";" ";" ";"9992 - A település nem tartozik borvidékbe - Alföld";"9 - Településegyüttesbe nem tartozó település";"3 - Alföld és Észak";"9 - Településegyüttesbe nem tartozó települések";"167 - Szolnoki járás";"999 - Településegyüttesbe nem tartozó települések";"16 - Jász-Nagykun-Szolnok megye";"4 - Község";"9 - Nem kedvezményezett település";"9 - Nem tartozik borrégióhoz";"9 - Nem tartozik kedvezményezett járáshoz";"03 - Észak-Alföldi Régió";"3417 - Csataszög";"60 - Észak-Alföld (Hajdú-Bihar, Jász-Nagykun-Szolnok, Szabolcs-Szatmár-Bereg)";"99 - Nem világörökségi helyszín védõövezete";"9 - Nem szabad vállakozási zóna";"HU322 - Jász-Nagykun-Szolnok";"9 - Nem tartozik területfejlesztési szempontból kiemelt térséghez";"2 - Nem megyeszékhely";"0 - Nem székhelytelepülés";"01 - 499";"42 - Község";"99 - Nem tartozik nemzeti parkhoz";
"";"Hunyadfalva";" ";" ";" ";" ";" ";" ";" ";" ";" ";" ";" ";" ";" ";" ";" ";" ";" ";" ";" ";" ";" ";" ";" ";" ";" ";" ";"9992 - A település nem tartozik borvidékbe - Alföld";"9 - Településegyüttesbe nem tartozó település";"3 - Alföld és Észak";"9 - Településegyüttesbe nem tartozó települések";"167 - Szolnoki járás";"999 - Településegyüttesbe nem tartozó települések";"16 - Jász-Nagykun-Szolnok megye";"4 - Község";"3 - Társadalmi-gazdasági és infrastrukturális szempontból kedvezményezett és a j...";"9 - Nem tartozik borrégióhoz";"9 - Nem tartozik kedvezményezett járáshoz";"03 - Észak-Alföldi Régió";"3405 - Hunyadfalva";"60 - Észak-Alföld (Hajdú-Bihar, Jász-Nagykun-Szolnok, Szabolcs-Szatmár-Bereg)";"99 - Nem világörökségi helyszín védõövezete";"9 - Nem szabad vállakozási zóna";"HU322 - Jász-Nagykun-Szolnok";"9 - Nem tartozik területfejlesztési szempontból kiemelt térséghez";"2 - Nem megyeszékhely";"0 - Nem székhelytelepülés";"01 - 499";"42 - Község";"99 - Nem tartozik nemzeti parkhoz";
"";"Kõtelek";" ";"1";"1";"2";" ";"2";" ";"2";" ";"2";" ";" ";" ";" ";" ";" ";"2";"2";"4";" ";" ";" ";" ";" ";" ";" ";"9992 - A település nem tartozik borvidékbe - Alföld";"9 - Településegyüttesbe nem tartozó település";"3 - Alföld és Észak";"9 - Településegyüttesbe nem tartozó települések";"167 - Szolnoki járás";"999 - Településegyüttesbe nem tartozó települések";"16 - Jász-Nagykun-Szolnok megye";"4 - Község";"9 - Nem kedvezményezett település";"9 - Nem tartozik borrégióhoz";"9 - Nem tartozik kedvezményezett járáshoz";"04 - Tisza-tavi Régió";"1123 - Kõtelek";"60 - Észak-Alföld (Hajdú-Bihar, Jász-Nagykun-Szolnok, Szabolcs-Szatmár-Bereg)";"99 - Nem világörökségi helyszín védõövezete";"9 - Nem szabad vállakozási zóna";"HU322 - Jász-Nagykun-Szolnok";"9 - Nem tartozik területfejlesztési szempontból kiemelt térséghez";"2 - Nem megyeszékhely";"0 - Nem székhelytelepülés";"03 - 1000 - 1999";"42 - Község";"99 - Nem tartozik nemzeti parkhoz";
"";"Martfû";"1";"7";"5";"13";"7";"6";" ";"11";"1";"4";"1";"5";"2";" ";" ";"1";"7";"5";"13";" ";" ";" ";" ";" ";" ";" ";"9992 - A település nem tartozik borvidékbe - Alföld";"9 - Településegyüttesbe nem tartozó település";"3 - Alföld és Észak";"9 - Településegyüttesbe nem tartozó települések";"167 - Szolnoki járás";"999 - Településegyüttesbe nem tartozó települések";"16 - Jász-Nagykun-Szolnok megye";"3 - Város";"9 - Nem kedvezményezett település";"9 - Nem tartozik borrégióhoz";"9 - Nem tartozik kedvezményezett járáshoz";"03 - Észak-Alföldi Régió";"0262 - Martfû";"60 - Észak-Alföld (Hajdú-Bihar, Jász-Nagykun-Szolnok, Szabolcs-Szatmár-Bereg)";"99 - Nem világörökségi helyszín védõövezete";"9 - Nem szabad vállakozási zóna";"HU322 - Jász-Nagykun-Szolnok";"9 - Nem tartozik területfejlesztési szempontból kiemelt térséghez";"2 - Nem megyeszékhely";"0 - Nem székhelytelepülés";"05 - 5000 - 9999";"30 - Város";"99 - Nem tartozik nemzeti parkhoz";
"";"Nagykörû";" ";" ";" ";" ";" ";" ";" ";" ";" ";" ";" ";" ";" ";" ";" ";" ";" ";" ";" ";" ";" ";" ";" ";" ";" ";" ";"9992 - A település nem tartozik borvidékbe - Alföld";"9 - Településegyüttesbe nem tartozó település";"3 - Alföld és Észak";"9 - Településegyüttesbe nem tartozó települések";"167 - Szolnoki járás";"999 - Településegyüttesbe nem tartozó települések";"16 - Jász-Nagykun-Szolnok megye";"4 - Község";"9 - Nem kedvezményezett település";"9 - Nem tartozik borrégióhoz";"9 - Nem tartozik kedvezményezett járáshoz";"04 - Tisza-tavi Régió";"1557 - Nagykörû";"60 - Észak-Alföld (Hajdú-Bihar, Jász-Nagykun-Szolnok, Szabolcs-Szatmár-Bereg)";"99 - Nem világörökségi helyszín védõövezete";"9 - Nem szabad vállakozási zóna";"HU322 - Jász-Nagykun-Szolnok";"9 - Nem tartozik területfejlesztési szempontból kiemelt térséghez";"2 - Nem megyeszékhely";"0 - Nem székhelytelepülés";"03 - 1000 - 1999";"42 - Község";"99 - Nem tartozik nemzeti parkhoz";
"";"Rákóczifalva";"1";"2";"3";"6";"3";"3";" ";"6";"2";"2";"1";" ";" ";" ";" ";"2";"2";"3";"7";" ";" ";" ";" ";" ";" ";" ";"9992 - A település nem tartozik borvidékbe - Alföld";"3 - Egyéb település";"3 - Alföld és Észak";"3 - Nagyvárosi településegyüttes";"167 - Szolnoki járás";"311 - Szolnoki nagyvárosi településegyüttes";"16 - Jász-Nagykun-Szolnok megye";"3 - Város";"9 - Nem kedvezményezett település";"9 - Nem tartozik borrégióhoz";"9 - Nem tartozik kedvezményezett járáshoz";"03 - Észak-Alföldi Régió";"1420 - Rákóczifalva";"60 - Észak-Alföld (Hajdú-Bihar, Jász-Nagykun-Szolnok, Szabolcs-Szatmár-Bereg)";"99 - Nem világörökségi helyszín védõövezete";"9 - Nem szabad vállakozási zóna";"HU322 - Jász-Nagykun-Szolnok";"9 - Nem tartozik területfejlesztési szempontból kiemelt térséghez";"2 - Nem megyeszékhely";"0 - Nem székhelytelepülés";"05 - 5000 - 9999";"30 - Város";"99 - Nem tartozik nemzeti parkhoz";
"";"Rákócziújfalu";" ";" ";"2";"2";"2";" ";" ";"2";" ";"2";" ";" ";" ";" ";" ";" ";" ";"2";"2";" ";" ";" ";" ";" ";" ";" ";"9992 - A település nem tartozik borvidékbe - Alföld";"3 - Egyéb település";"3 - Alföld és Észak";"3 - Nagyvárosi településegyüttes";"167 - Szolnoki járás";"311 - Szolnoki nagyvárosi településegyüttes";"16 - Jász-Nagykun-Szolnok megye";"4 - Község";"9 - Nem kedvezményezett település";"9 - Nem tartozik borrégióhoz";"9 - Nem tartozik kedvezményezett járáshoz";"03 - Észak-Alföldi Régió";"1242 - Rákócziújfalu";"60 - Észak-Alföld (Hajdú-Bihar, Jász-Nagykun-Szolnok, Szabolcs-Szatmár-Bereg)";"99 - Nem világörökségi helyszín védõövezete";"9 - Nem szabad vállakozási zóna";"HU322 - Jász-Nagykun-Szolnok";"9 - Nem tartozik területfejlesztési szempontból kiemelt térséghez";"2 - Nem megyeszékhely";"0 - Nem székhelytelepülés";"03 - 1000 - 1999";"42 - Község";"99 - Nem tartozik nemzeti parkhoz";
"";"Szajol";" ";"2";"5";"7";"1";"6";"1";"7";" ";"4";" ";" ";" ";" ";"1,0";" ";"2";"7";"9";" ";" ";" ";" ";" ";" ";" ";"9992 - A település nem tartozik borvidékbe - Alföld";"3 - Egyéb település";"3 - Alföld és Észak";"3 - Nagyvárosi településegyüttes";"167 - Szolnoki járás";"311 - Szolnoki nagyvárosi településegyüttes";"16 - Jász-Nagykun-Szolnok megye";"4 - Község";"9 - Nem kedvezményezett település";"9 - Nem tartozik borrégióhoz";"9 - Nem tartozik kedvezményezett járáshoz";"03 - Észak-Alföldi Régió";"0587 - Szajol";"60 - Észak-Alföld (Hajdú-Bihar, Jász-Nagykun-Szolnok, Szabolcs-Szatmár-Bereg)";"99 - Nem világörökségi helyszín védõövezete";"9 - Nem szabad vállakozási zóna";"HU322 - Jász-Nagykun-Szolnok";"9 - Nem tartozik területfejlesztési szempontból kiemelt térséghez";"2 - Nem megyeszékhely";"0 - Nem székhelytelepülés";"04 - 2000 - 4999";"42 - Község";"99 - Nem tartozik nemzeti parkhoz";
"";"Szászberek";" ";"1";"1";"2";" ";"2";"1";"2";" ";"2";" ";" ";" ";" ";"1,0";" ";"2";"1";"3";" ";" ";" ";" ";" ";" ";" ";"9992 - A település nem tartozik borvidékbe - Alföld";"3 - Egyéb település";"3 - Alföld és Észak";"3 - Nagyvárosi településegyüttes";"167 - Szolnoki járás";"311 - Szolnoki nagyvárosi településegyüttes";"16 - Jász-Nagykun-Szolnok megye";"4 - Község";"9 - Nem kedvezményezett település";"9 - Nem tartozik borrégióhoz";"9 - Nem tartozik kedvezményezett járáshoz";"03 - Észak-Alföldi Régió";"0577 - Szászberek";"60 - Észak-Alföld (Hajdú-Bihar, Jász-Nagykun-Szolnok, Szabolcs-Szatmár-Bereg)";"99 - Nem világörökségi helyszín védõövezete";"9 - Nem szabad vállakozási zóna";"HU322 - Jász-Nagykun-Szolnok";"9 - Nem tartozik területfejlesztési szempontból kiemelt térséghez";"2 - Nem megyeszékhely";"0 - Nem székhelytelepülés";"03 - 1000 - 1999";"42 - Község";"99 - Nem tartozik nemzeti parkhoz";
"";"Szolnok";"2";"43";"76";"121";"90";"31";"1";"113";"5";"83";"4";"16";"8";"2,0";"1,0";"3";"50";"101";"154";" ";" ";" ";" ";" ";" ";" ";"9992 - A település nem tartozik borvidékbe - Alföld";"1 - Központ";"3 - Alföld és Észak";"3 - Nagyvárosi településegyüttes";"167 - Szolnoki járás";"311 - Szolnoki nagyvárosi településegyüttes";"16 - Jász-Nagykun-Szolnok megye";"2 - Megyei jogú város";"9 - Nem kedvezményezett település";"9 - Nem tartozik borrégióhoz";"9 - Nem tartozik kedvezményezett járáshoz";"03 - Észak-Alföldi Régió";"2785 - Szolnok";"60 - Észak-Alföld (Hajdú-Bihar, Jász-Nagykun-Szolnok, Szabolcs-Szatmár-Bereg)";"99 - Nem világörökségi helyszín védõövezete";"9 - Nem szabad vállakozási zóna";"HU322 - Jász-Nagykun-Szolnok";"9 - Nem tartozik területfejlesztési szempontból kiemelt térséghez";"1 - Megyeszékhely";"1 - Székhelytelepülés";"08 - 50000 - 99999";"20 - Megyei jogú város";"99 - Nem tartozik nemzeti parkhoz";
"";"Tiszajenõ";" ";" ";"1";"1";" ";"1";"1";"1";" ";" ";" ";" ";" ";" ";"1,0";" ";" ";"1";"1";" ";" ";" ";" ";" ";" ";" ";"1600 - Kunsági borvidék";"3 - Egyéb település";"3 - Alföld és Észak";"3 - Nagyvárosi településegyüttes";"167 - Szolnoki járás";"311 - Szolnoki nagyvárosi településegyüttes";"16 - Jász-Nagykun-Szolnok megye";"4 - Község";"9 - Nem kedvezményezett település";"9 - Nem tartozik borrégióhoz";"9 - Nem tartozik kedvezményezett járáshoz";"03 - Észak-Alföldi Régió";"2934 - Tiszajenõ";"60 - Észak-Alföld (Hajdú-Bihar, Jász-Nagykun-Szolnok, Szabolcs-Szatmár-Bereg)";"99 - Nem világörökségi helyszín védõövezete";"9 - Nem szabad vállakozási zóna";"HU322 - Jász-Nagykun-Szolnok";"9 - Nem tartozik területfejlesztési szempontból kiemelt térséghez";"2 - Nem megyeszékhely";"0 - Nem székhelytelepülés";"03 - 1000 - 1999";"42 - Község";"99 - Nem tartozik nemzeti parkhoz";
"";"Tiszasüly";" ";"1";"1";"2";"1";"1";" ";"2";" ";"1";" ";"1";" ";" ";" ";" ";"1";"1";"2";" ";" ";" ";" ";" ";" ";" ";"9992 - A település nem tartozik borvidékbe - Alföld";"9 - Településegyüttesbe nem tartozó település";"3 - Alföld és Észak";"9 - Településegyüttesbe nem tartozó települések";"167 - Szolnoki járás";"999 - Településegyüttesbe nem tartozó települések";"16 - Jász-Nagykun-Szolnok megye";"4 - Község";"9 - Nem kedvezményezett település";"9 - Nem tartozik borrégióhoz";"9 - Nem tartozik kedvezményezett járáshoz";"04 - Tisza-tavi Régió";"1769 - Tiszasüly";"60 - Észak-Alföld (Hajdú-Bihar, Jász-Nagykun-Szolnok, Szabolcs-Szatmár-Bereg)";"99 - Nem világörökségi helyszín védõövezete";"9 - Nem szabad vállakozási zóna";"HU322 - Jász-Nagykun-Szolnok";"9 - Nem tartozik területfejlesztési szempontból kiemelt térséghez";"2 - Nem megyeszékhely";"0 - Nem székhelytelepülés";"03 - 1000 - 1999";"42 - Község";"99 - Nem tartozik nemzeti parkhoz";
"";"Tiszavárkony";" ";" ";" ";" ";" ";" ";" ";" ";" ";" ";" ";" ";" ";" ";" ";" ";" ";" ";" ";" ";" ";" ";" ";" ";" ";" ";"9992 - A település nem tartozik borvidékbe - Alföld";"3 - Egyéb település";"3 - Alföld és Észak";"3 - Nagyvárosi településegyüttes";"167 - Szolnoki járás";"311 - Szolnoki nagyvárosi településegyüttes";"16 - Jász-Nagykun-Szolnok megye";"4 - Község";"9 - Nem kedvezményezett település";"9 - Nem tartozik borrégióhoz";"9 - Nem tartozik kedvezményezett járáshoz";"03 - Észak-Alföldi Régió";"3186 - Tiszavárkony";"60 - Észak-Alföld (Hajdú-Bihar, Jász-Nagykun-Szolnok, Szabolcs-Szatmár-Bereg)";"99 - Nem világörökségi helyszín védõövezete";"9 - Nem szabad vállakozási zóna";"HU322 - Jász-Nagykun-Szolnok";"9 - Nem tartozik területfejlesztési szempontból kiemelt térséghez";"2 - Nem megyeszékhely";"0 - Nem székhelytelepülés";"03 - 1000 - 1999";"42 - Község";"99 - Nem tartozik nemzeti parkhoz";
"";"Tószeg";" ";"3";"6";"9";"5";"4";"1";"7";"2";"4";" ";"1";"1";" ";"1,0";" ";"3";"9";"12";" ";" ";" ";" ";" ";" ";" ";"9992 - A település nem tartozik borvidékbe - Alföld";"3 - Egyéb település";"3 - Alföld és Észak";"3 - Nagyvárosi településegyüttes";"167 - Szolnoki járás";"311 - Szolnoki nagyvárosi településegyüttes";"16 - Jász-Nagykun-Szolnok megye";"4 - Község";"9 - Nem kedvezményezett település";"9 - Nem tartozik borrégióhoz";"9 - Nem tartozik kedvezményezett járáshoz";"03 - Észak-Alföldi Régió";"0749 - Tószeg";"60 - Észak-Alföld (Hajdú-Bihar, Jász-Nagykun-Szolnok, Szabolcs-Szatmár-Bereg)";"99 - Nem világörökségi helyszín védõövezete";"9 - Nem szabad vállakozási zóna";"HU322 - Jász-Nagykun-Szolnok";"9 - Nem tartozik területfejlesztési szempontból kiemelt térséghez";"2 - Nem megyeszékhely";"0 - Nem székhelytelepülés";"04 - 2000 - 4999";"42 - Község";"99 - Nem tartozik nemzeti parkhoz";
"";"Újszász";" ";"2";"6";"8";"1";"7";"1";"8";" ";"7";" ";"1";" ";" ";"1,0";" ";"2";"9";"11";" ";" ";" ";" ";" ";" ";" ";"9992 - A település nem tartozik borvidékbe - Alföld";"9 - Településegyüttesbe nem tartozó település";"3 - Alföld és Észak";"9 - Településegyüttesbe nem tartozó települések";"167 - Szolnoki járás";"999 - Településegyüttesbe nem tartozó települések";"16 - Jász-Nagykun-Szolnok megye";"3 - Város";"9 - Nem kedvezményezett település";"9 - Nem tartozik borrégióhoz";"9 - Nem tartozik kedvezményezett járáshoz";"03 - Észak-Alföldi Régió";"1529 - Újszász";"60 - Észak-Alföld (Hajdú-Bihar, Jász-Nagykun-Szolnok, Szabolcs-Szatmár-Bereg)";"99 - Nem világörökségi helyszín védõövezete";"9 - Nem szabad vállakozási zóna";"HU322 - Jász-Nagykun-Szolnok";"9 - Nem tartozik területfejlesztési szempontból kiemelt térséghez";"2 - Nem megyeszékhely";"0 - Nem székhelytelepülés";"05 - 5000 - 9999";"30 - Város";"99 - Nem tartozik nemzeti parkhoz";
"";"Vezseny";" ";" ";" ";" ";" ";" ";" ";" ";" ";" ";" ";" ";" ";" ";" ";" ";" ";" ";" ";" ";" ";" ";" ";" ";" ";" ";"9992 - A település nem tartozik borvidékbe - Alföld";"3 - Egyéb település";"3 - Alföld és Észak";"3 - Nagyvárosi településegyüttes";"167 - Szolnoki járás";"311 - Szolnoki nagyvárosi településegyüttes";"16 - Jász-Nagykun-Szolnok megye";"4 - Község";"9 - Nem kedvezményezett település";"9 - Nem tartozik borrégióhoz";"9 - Nem tartozik kedvezményezett járáshoz";"03 - Észak-Alföldi Régió";"2115 - Vezseny";"60 - Észak-Alföld (Hajdú-Bihar, Jász-Nagykun-Szolnok, Szabolcs-Szatmár-Bereg)";"99 - Nem világörökségi helyszín védõövezete";"9 - Nem szabad vállakozási zóna";"HU322 - Jász-Nagykun-Szolnok";"9 - Nem tartozik területfejlesztési szempontból kiemelt térséghez";"2 - Nem megyeszékhely";"0 - Nem székhelytelepülés";"02 - 500 - 999";"42 - Község";"99 - Nem tartozik nemzeti parkhoz";
"";"Zagyvarékas";" ";"2";"3";"5";"2";"3";"2";"5";"1";"4";" ";" ";" ";" ";"2,0";" ";"4";"3";"7";" ";" ";" ";" ";" ";" ";" ";"9992 - A település nem tartozik borvidékbe - Alföld";"3 - Egyéb település";"3 - Alföld és Észak";"3 - Nagyvárosi településegyüttes";"167 - Szolnoki járás";"311 - Szolnoki nagyvárosi településegyüttes";"16 - Jász-Nagykun-Szolnok megye";"4 - Község";"9 - Nem kedvezményezett település";"9 - Nem tartozik borrégióhoz";"9 - Nem tartozik kedvezményezett járáshoz";"03 - Észak-Alföldi Régió";"1483 - Zagyvarékas";"60 - Észak-Alföld (Hajdú-Bihar, Jász-Nagykun-Szolnok, Szabolcs-Szatmár-Bereg)";"99 - Nem világörökségi helyszín védõövezete";"9 - Nem szabad vállakozási zóna";"HU322 - Jász-Nagykun-Szolnok";"9 - Nem tartozik területfejlesztési szempontból kiemelt térséghez";"2 - Nem megyeszékhely";"0 - Nem székhelytelepülés";"04 - 2000 - 4999";"42 - Község";"99 - Nem tartozik nemzeti parkhoz";
"";"Tiszafüredi járás";" ";"8";"20";"28";"13";"15";"3";"28";"1";"19";"1";"7";" ";" ";"3,0";" ";"9";"32";"41";" ";" ";" ";" ";" ";" ";" ";
"";"Nagyiván";" ";" ";"1";"1";"1";" ";" ";"1";" ";"1";" ";" ";" ";" ";" ";" ";" ";"1";"1";" ";" ";" ";" ";" ";" ";" ";"9992 - A település nem tartozik borvidékbe - Alföld";"9 - Településegyüttesbe nem tartozó település";"3 - Alföld és Észak";"9 - Településegyüttesbe nem tartozó települések";"168 - Tiszafüredi járás";"999 - Településegyüttesbe nem tartozó települések";"16 - Jász-Nagykun-Szolnok megye";"4 - Község";"1 - Társadalmi-gazdasági és infrastrukturális szempontból kedvezményezett telepü...";"9 - Nem tartozik borrégióhoz";"1 - Kedvezményezett járások";"04 - Tisza-tavi Régió";"2168 - Nagyiván";"60 - Észak-Alföld (Hajdú-Bihar, Jász-Nagykun-Szolnok, Szabolcs-Szatmár-Bereg)";"99 - Nem világörökségi helyszín védõövezete";"1 - Szabad vállakozási zóna";"HU322 - Jász-Nagykun-Szolnok";"9 - Nem tartozik területfejlesztési szempontból kiemelt térséghez";"2 - Nem megyeszékhely";"0 - Nem székhelytelepülés";"03 - 1000 - 1999";"42 - Község";"07 - Hortobágyi Nemzeti Park";
"";"Tiszaderzs";" ";"1";" ";"1";" ";"1";" ";"1";" ";"1";" ";" ";" ";" ";" ";" ";"1";"2";"3";" ";" ";" ";" ";" ";" ";" ";"9992 - A település nem tartozik borvidékbe - Alföld";"9 - Településegyüttesbe nem tartozó település";"3 - Alföld és Észak";"9 - Településegyüttesbe nem tartozó települések";"168 - Tiszafüredi járás";"999 - Településegyüttesbe nem tartozó települések";"16 - Jász-Nagykun-Szolnok megye";"4 - Község";"1 - Társadalmi-gazdasági és infrastrukturális szempontból kedvezményezett telepü...";"9 - Nem tartozik borrégióhoz";"1 - Kedvezményezett járások";"04 - Tisza-tavi Régió";"1623 - Tiszaderzs";"60 - Észak-Alföld (Hajdú-Bihar, Jász-Nagykun-Szolnok, Szabolcs-Szatmár-Bereg)";"99 - Nem világörökségi helyszín védõövezete";"1 - Szabad vállakozási zóna";"HU322 - Jász-Nagykun-Szolnok";"9 - Nem tartozik területfejlesztési szempontból kiemelt térséghez";"2 - Nem megyeszékhely";"0 - Nem székhelytelepülés";"03 - 1000 - 1999";"42 - Község";"99 - Nem tartozik nemzeti parkhoz";
"";"Tiszafüred";" ";"3";"13";"16";"7";"9";"2";"16";" ";"12";"1";"3";" ";" ";"2,0";" ";"3";"21";"24";" ";" ";" ";" ";" ";" ";" ";"9992 - A település nem tartozik borvidékbe - Alföld";"9 - Településegyüttesbe nem tartozó település";"3 - Alföld és Észak";"9 - Településegyüttesbe nem tartozó települések";"168 - Tiszafüredi járás";"999 - Településegyüttesbe nem tartozó települések";"16 - Jász-Nagykun-Szolnok megye";"3 - Város";"9 - Nem kedvezményezett település";"9 - Nem tartozik borrégióhoz";"1 - Kedvezményezett járások";"04 - Tisza-tavi Régió";"2972 - Tiszafüred";"60 - Észak-Alföld (Hajdú-Bihar, Jász-Nagykun-Szolnok, Szabolcs-Szatmár-Bereg)";"99 - Nem világörökségi helyszín védõövezete";"1 - Szabad vállakozási zóna";"HU322 - Jász-Nagykun-Szolnok";"9 - Nem tartozik területfejlesztési szempontból kiemelt térséghez";"2 - Nem megyeszékhely";"1 - Székhelytelepülés";"06 - 10000 - 19999";"30 - Város";"07 - Hortobágyi Nemzeti Park";
"";"Tiszaigar";" ";" ";"4";"4";"2";"2";" ";"4";"1";"2";" ";"1";" ";" ";" ";" ";" ";"5";"5";" ";" ";" ";" ";" ";" ";" ";"9992 - A település nem tartozik borvidékbe - Alföld";"9 - Településegyüttesbe nem tartozó település";"3 - Alföld és Észak";"9 - Településegyüttesbe nem tartozó települések";"168 - Tiszafüredi járás";"999 - Településegyüttesbe nem tartozó települések";"16 - Jász-Nagykun-Szolnok megye";"4 - Község";"1 - Társadalmi-gazdasági és infrastrukturális szempontból kedvezményezett telepü...";"9 - Nem tartozik borrégióhoz";"1 - Kedvezményezett járások";"04 - Tisza-tavi Régió";"2869 - Tiszaigar";"60 - Észak-Alföld (Hajdú-Bihar, Jász-Nagykun-Szolnok, Szabolcs-Szatmár-Bereg)";"99 - Nem világörökségi helyszín védõövezete";"1 - Szabad vállakozási zóna";"HU322 - Jász-Nagykun-Szolnok";"9 - Nem tartozik területfejlesztési szempontból kiemelt térséghez";"2 - Nem megyeszékhely";"0 - Nem székhelytelepülés";"02 - 500 - 999";"42 - Község";"99 - Nem tartozik nemzeti parkhoz";
"";"Tiszaörs";" ";"1";" ";"1";"1";" ";" ";"1";" ";" ";" ";"1";" ";" ";" ";" ";"1";" ";"1";" ";" ";" ";" ";" ";" ";" ";"9992 - A település nem tartozik borvidékbe - Alföld";"9 - Településegyüttesbe nem tartozó település";"3 - Alföld és Észak";"9 - Településegyüttesbe nem tartozó települések";"168 - Tiszafüredi járás";"999 - Településegyüttesbe nem tartozó települések";"16 - Jász-Nagykun-Szolnok megye";"4 - Község";"1 - Társadalmi-gazdasági és infrastrukturális szempontból kedvezményezett telepü...";"9 - Nem tartozik borrégióhoz";"1 - Kedvezményezett járások";"04 - Tisza-tavi Régió";"1578 - Tiszaörs";"60 - Észak-Alföld (Hajdú-Bihar, Jász-Nagykun-Szolnok, Szabolcs-Szatmár-Bereg)";"99 - Nem világörökségi helyszín védõövezete";"1 - Szabad vállakozási zóna";"HU322 - Jász-Nagykun-Szolnok";"9 - Nem tartozik területfejlesztési szempontból kiemelt térséghez";"2 - Nem megyeszékhely";"0 - Nem székhelytelepülés";"03 - 1000 - 1999";"42 - Község";"99 - Nem tartozik nemzeti parkhoz";
"";"Tiszaszentimre";" ";"2";"1";"3";"2";"1";"1";"3";" ";"1";" ";"2";" ";" ";"1,0";" ";"2";"1";"3";" ";" ";" ";" ";" ";" ";" ";"9992 - A település nem tartozik borvidékbe - Alföld";"9 - Településegyüttesbe nem tartozó település";"3 - Alföld és Észak";"9 - Településegyüttesbe nem tartozó települések";"168 - Tiszafüredi járás";"999 - Településegyüttesbe nem tartozó települések";"16 - Jász-Nagykun-Szolnok megye";"4 - Község";"9 - Nem kedvezményezett település";"9 - Nem tartozik borrégióhoz";"1 - Kedvezményezett járások";"04 - Tisza-tavi Régió";"2278 - Tiszaszentimre";"60 - Észak-Alföld (Hajdú-Bihar, Jász-Nagykun-Szolnok, Szabolcs-Szatmár-Bereg)";"99 - Nem világörökségi helyszín védõövezete";"1 - Szabad vállakozási zóna";"HU322 - Jász-Nagykun-Szolnok";"9 - Nem tartozik területfejlesztési szempontból kiemelt térséghez";"2 - Nem megyeszékhely";"0 - Nem székhelytelepülés";"04 - 2000 - 4999";"42 - Község";"99 - Nem tartozik nemzeti parkhoz";
"";"Tiszaszõlõs";" ";"1";"1";"2";" ";"2";" ";"2";" ";"2";" ";" ";" ";" ";" ";" ";"2";"2";"4";" ";" ";" ";" ";" ";" ";" ";"9992 - A település nem tartozik borvidékbe - Alföld";"9 - Településegyüttesbe nem tartozó település";"3 - Alföld és Észak";"9 - Településegyüttesbe nem tartozó települések";"168 - Tiszafüredi járás";"999 - Településegyüttesbe nem tartozó települések";"16 - Jász-Nagykun-Szolnok megye";"4 - Község";"9 - Nem kedvezményezett település";"9 - Nem tartozik borrégióhoz";"1 - Kedvezményezett járások";"04 - Tisza-tavi Régió";"0785 - Tiszaszõlõs";"60 - Észak-Alföld (Hajdú-Bihar, Jász-Nagykun-Szolnok, Szabolcs-Szatmár-Bereg)";"99 - Nem világörökségi helyszín védõövezete";"1 - Szabad vállakozási zóna";"HU322 - Jász-Nagykun-Szolnok";"9 - Nem tartozik területfejlesztési szempontból kiemelt térséghez";"2 - Nem megyeszékhely";"0 - Nem székhelytelepülés";"03 - 1000 - 1999";"42 - Község";"99 - Nem tartozik nemzeti parkhoz";
"";"Törökszentmiklósi járás";"5";"17";"38";"60";"40";"20";"3";"60";"1";"43";"4";"9";" ";"1,0";"3,0";"11";"21";"66";"98";" ";" ";" ";" ";" ";" ";" ";
"";"Fegyvernek";"1";"4";"7";"12";"6";"6";"1";"12";"1";"9";" ";"2";" ";" ";"1,0";"6";"5";"10";"21";" ";" ";" ";" ";" ";" ";" ";"9992 - A település nem tartozik borvidékbe - Alföld";"9 - Településegyüttesbe nem tartozó település";"3 - Alföld és Észak";"9 - Településegyüttesbe nem tartozó települések";"169 - Törökszentmiklósi járás";"999 - Településegyüttesbe nem tartozó települések";"16 - Jász-Nagykun-Szolnok megye";"3 - Város";"9 - Nem kedvezményezett település";"9 - Nem tartozik borrégióhoz";"2 - Fejlesztendõ járások";"04 - Tisza-tavi Régió";"1664 - Fegyvernek";"60 - Észak-Alföld (Hajdú-Bihar, Jász-Nagykun-Szolnok, Szabolcs-Szatmár-Bereg)";"99 - Nem világörökségi helyszín védõövezete";"1 - Szabad vállakozási zóna";"HU322 - Jász-Nagykun-Szolnok";"9 - Nem tartozik területfejlesztési szempontból kiemelt térséghez";"2 - Nem megyeszékhely";"0 - Nem székhelytelepülés";"05 - 5000 - 9999";"30 - Város";"99 - Nem tartozik nemzeti parkhoz";
"";"Kengyel";" ";" ";"3";"3";"2";"1";" ";"3";" ";"2";"1";" ";" ";" ";" ";" ";" ";"3";"3";" ";" ";" ";" ";" ";" ";" ";"9992 - A település nem tartozik borvidékbe - Alföld";"9 - Településegyüttesbe nem tartozó település";"3 - Alföld és Észak";"9 - Településegyüttesbe nem tartozó települések";"169 - Törökszentmiklósi járás";"999 - Településegyüttesbe nem tartozó települések";"16 - Jász-Nagykun-Szolnok megye";"4 - Község";"9 - Nem kedvezményezett település";"9 - Nem tartozik borrégióhoz";"2 - Fejlesztendõ járások";"03 - Észak-Alföldi Régió";"0741 - Kengyel";"60 - Észak-Alföld (Hajdú-Bihar, Jász-Nagykun-Szolnok, Szabolcs-Szatmár-Bereg)";"99 - Nem világörökségi helyszín védõövezete";"1 - Szabad vállakozási zóna";"HU322 - Jász-Nagykun-Szolnok";"9 - Nem tartozik területfejlesztési szempontból kiemelt térséghez";"2 - Nem megyeszékhely";"0 - Nem székhelytelepülés";"04 - 2000 - 4999";"42 - Község";"99 - Nem tartozik nemzeti parkhoz";
"";"Kuncsorba";" ";" ";" ";" ";" ";" ";" ";" ";" ";" ";" ";" ";" ";" ";" ";" ";" ";" ";" ";" ";" ";" ";" ";" ";" ";" ";"9992 - A település nem tartozik borvidékbe - Alföld";"9 - Településegyüttesbe nem tartozó település";"3 - Alföld és Észak";"9 - Településegyüttesbe nem tartozó települések";"169 - Törökszentmiklósi járás";"999 - Településegyüttesbe nem tartozó települések";"16 - Jász-Nagykun-Szolnok megye";"4 - Község";"1 - Társadalmi-gazdasági és infrastrukturális szempontból kedvezményezett telepü...";"9 - Nem tartozik borrégióhoz";"2 - Fejlesztendõ járások";"03 - Észak-Alföldi Régió";"0525 - Kuncsorba";"60 - Észak-Alföld (Hajdú-Bihar, Jász-Nagykun-Szolnok, Szabolcs-Szatmár-Bereg)";"99 - Nem világörökségi helyszín védõövezete";"1 - Szabad vállakozási zóna";"HU322 - Jász-Nagykun-Szolnok";"9 - Nem tartozik területfejlesztési szempontból kiemelt térséghez";"2 - Nem megyeszékhely";"0 - Nem székhelytelepülés";"02 - 500 - 999";"42 - Község";"99 - Nem tartozik nemzeti parkhoz";
"";"Örményes";" ";" ";" ";" ";" ";" ";" ";" ";" ";" ";" ";" ";" ";" ";" ";" ";" ";" ";" ";" ";" ";" ";" ";" ";" ";" ";"9992 - A település nem tartozik borvidékbe - Alföld";"9 - Településegyüttesbe nem tartozó település";"3 - Alföld és Észak";"9 - Településegyüttesbe nem tartozó települések";"169 - Törökszentmiklósi járás";"999 - Településegyüttesbe nem tartozó települések";"16 - Jász-Nagykun-Szolnok megye";"4 - Község";"9 - Nem kedvezményezett település";"9 - Nem tartozik borrégióhoz";"2 - Fejlesztendõ járások";"03 - Észak-Alföldi Régió";"2938 - Örményes";"60 - Észak-Alföld (Hajdú-Bihar, Jász-Nagykun-Szolnok, Szabolcs-Szatmár-Bereg)";"99 - Nem világörökségi helyszín védõövezete";"1 - Szabad vállakozási zóna";"HU322 - Jász-Nagykun-Szolnok";"9 - Nem tartozik területfejlesztési szempontból kiemelt térséghez";"2 - Nem megyeszékhely";"0 - Nem székhelytelepülés";"02 - 500 - 999";"42 - Község";"99 - Nem tartozik nemzeti parkhoz";
"";"Tiszapüspöki";"1";"1";"5";"7";" ";"7";"1";"7";" ";"6";"1";" ";" ";" ";"1,0";"1";"2";"9";"12";" ";" ";" ";" ";" ";" ";" ";"9992 - A település nem tartozik borvidékbe - Alföld";"9 - Településegyüttesbe nem tartozó település";"3 - Alföld és Észak";"9 - Településegyüttesbe nem tartozó települések";"169 - Törökszentmiklósi járás";"999 - Településegyüttesbe nem tartozó települések";"16 - Jász-Nagykun-Szolnok megye";"4 - Község";"1 - Társadalmi-gazdasági és infrastrukturális szempontból kedvezményezett telepü...";"9 - Nem tartozik borrégióhoz";"2 - Fejlesztendõ járások";"03 - Észak-Alföldi Régió";"0337 - Tiszapüspöki";"60 - Észak-Alföld (Hajdú-Bihar, Jász-Nagykun-Szolnok, Szabolcs-Szatmár-Bereg)";"99 - Nem világörökségi helyszín védõövezete";"1 - Szabad vállakozási zóna";"HU322 - Jász-Nagykun-Szolnok";"9 - Nem tartozik területfejlesztési szempontból kiemelt térséghez";"2 - Nem megyeszékhely";"0 - Nem székhelytelepülés";"03 - 1000 - 1999";"42 - Község";"99 - Nem tartozik nemzeti parkhoz";
"";"Tiszatenyõ";" ";" ";" ";" ";" ";" ";" ";" ";" ";" ";" ";" ";" ";" ";" ";" ";" ";" ";" ";" ";" ";" ";" ";" ";" ";" ";"9992 - A település nem tartozik borvidékbe - Alföld";"3 - Egyéb település";"3 - Alföld és Észak";"3 - Nagyvárosi településegyüttes";"169 - Törökszentmiklósi járás";"311 - Szolnoki nagyvárosi településegyüttes";"16 - Jász-Nagykun-Szolnok megye";"4 - Község";"9 - Nem kedvezményezett település";"9 - Nem tartozik borrégióhoz";"2 - Fejlesztendõ járások";"03 - Észak-Alföldi Régió";"0962 - Tiszatenyõ";"60 - Észak-Alföld (Hajdú-Bihar, Jász-Nagykun-Szolnok, Szabolcs-Szatmár-Bereg)";"99 - Nem világörökségi helyszín védõövezete";"1 - Szabad vállakozási zóna";"HU322 - Jász-Nagykun-Szolnok";"9 - Nem tartozik területfejlesztési szempontból kiemelt térséghez";"2 - Nem megyeszékhely";"0 - Nem székhelytelepülés";"03 - 1000 - 1999";"42 - Község";"99 - Nem tartozik nemzeti parkhoz";
"";"Törökszentmiklós";"3";"12";"23";"38";"32";"6";"1";"38";" ";"26";"2";"7";" ";"1,0";"1,0";"4";"14";"44";"62";" ";" ";" ";" ";" ";" ";" ";"9992 - A település nem tartozik borvidékbe - Alföld";"9 - Településegyüttesbe nem tartozó település";"3 - Alföld és Észak";"9 - Településegyüttesbe nem tartozó települések";"169 - Törökszentmiklósi járás";"999 - Településegyüttesbe nem tartozó települések";"16 - Jász-Nagykun-Szolnok megye";"3 - Város";"9 - Nem kedvezményezett település";"9 - Nem tartozik borrégióhoz";"2 - Fejlesztendõ járások";"03 - Észak-Alföldi Régió";"2731 - Törökszentmiklós";"60 - Észak-Alföld (Hajdú-Bihar, Jász-Nagykun-Szolnok, Szabolcs-Szatmár-Bereg)";"99 - Nem világörökségi helyszín védõövezete";"1 - Szabad vállakozási zóna";"HU322 - Jász-Nagykun-Szolnok";"9 - Nem tartozik területfejlesztési szempontból kiemelt térséghez";"2 - Nem megyeszékhely";"1 - Székhelytelepülés";"07 - 20000 - 49999";"30 - Város";"99 - Nem tartozik nemzeti parkhoz";
